order_id,user_id,restaurant_id,order_date,amount,payment_mode,order_status,delivery_time_mins
ORD_000001,USR_0004,RES_012,2025-01-10,303.73,UPI,Delivered,32.0
ORD_000002,USR_0003,RES_025,2025-01-12,1023.85,COD,Delivered,28.0
ORD_000003,USR_0010,RES_033,2025-02-06,1437.64,Debit Card,Cancelled,
ORD_000004,USR_0008,RES_025,2025-02-08,1727.23,COD,Delivered,44.0
ORD_000005,USR_0016,RES_023,2025-02-10,1707.19,Credit Card,Delivered,51.0
ORD_000006,USR_0017,RES_028,2025-02-18,1624.88,Debit Card,Delivered,40.0
ORD_000007,USR_0010,RES_009,2025-02-24,1736.36,Net Banking,Delivered,62.0
ORD_000008,USR_0008,RES_039,2025-02-28,434.09,Debit Card,Cancelled,
ORD_000009,USR_0020,RES_012,2025-03-04,1028.17,Credit Card,Delivered,18.0
ORD_000010,USR_0019,RES_005,2025-03-08,1056.59,Debit Card,Cancelled,
ORD_000011,USR_0014,RES_017,2025-03-13,873.54,Net Banking,Delivered,39.0
ORD_000012,USR_0022,RES_001,2025-03-14,1259.05,Debit Card,Delivered,22.0
ORD_000013,USR_0017,RES_006,2025-03-17,415.29,UPI,Delivered,53.0
ORD_000014,USR_0001,RES_034,2025-03-19,304.14,COD,Delivered,41.0
ORD_000015,USR_0030,RES_043,2025-03-20,453.76,Debit Card,Delivered,41.0
ORD_000016,USR_0030,RES_049,2025-03-23,1330.66,COD,Cancelled,
ORD_000017,USR_0030,RES_003,2025-03-23,901.86,Net Banking,Delivered,25.0
ORD_000018,USR_0014,RES_031,2025-03-27,999.24,UPI,Delivered,54.0
ORD_000019,USR_0011,RES_049,2025-03-30,1346.21,COD,Delivered,48.0
ORD_000020,USR_0038,RES_040,2025-03-31,822.05,UPI,Delivered,26.0
ORD_000021,USR_0019,RES_025,2025-03-31,279.15,Debit Card,Cancelled,
ORD_000022,USR_0031,RES_044,2025-04-03,1593.69,UPI,Delivered,36.0
ORD_000023,USR_0026,RES_048,2025-04-05,1703.24,UPI,Delivered,16.0
ORD_000024,USR_0019,RES_047,2025-04-05,655.34,Credit Card,Delivered,19.0
ORD_000025,USR_0038,RES_050,2025-04-06,968.61,UPI,Delivered,55.0
ORD_000026,USR_0012,RES_027,2025-04-09,196.95,Credit Card,Cancelled,
ORD_000027,USR_0022,RES_041,2025-04-17,1561.76,Credit Card,Delivered,49.0
ORD_000028,USR_0018,RES_022,2025-04-20,1695.99,UPI,Delivered,54.0
ORD_000029,USR_0012,RES_026,2025-04-21,1561.83,UPI,Delivered,58.0
ORD_000030,USR_0027,RES_044,2025-04-23,1432.56,Debit Card,Delivered,64.0
ORD_000031,USR_0033,RES_023,2025-04-24,1340.21,COD,Delivered,33.0
ORD_000032,USR_0044,RES_020,2025-04-26,1052.25,Debit Card,Cancelled,
ORD_000033,USR_0022,RES_006,2025-05-03,423.41,UPI,Cancelled,
ORD_000034,USR_0016,RES_023,2025-05-03,572.61,Debit Card,Delivered,54.0
ORD_000035,USR_0006,RES_010,2025-05-03,1081.86,UPI,Delivered,46.0
ORD_000036,USR_0014,RES_014,2025-05-04,1367.73,UPI,Delivered,37.0
ORD_000037,USR_0017,RES_031,2025-05-04,862.8,Net Banking,Delivered,37.0
ORD_000038,USR_0042,RES_026,2025-05-05,1624.94,UPI,Delivered,44.0
ORD_000039,USR_0010,RES_044,2025-05-05,1513.49,UPI,Delivered,32.0
ORD_000040,USR_0011,RES_042,2025-05-06,725.98,UPI,Delivered,20.0
ORD_000041,USR_0007,RES_035,2025-05-07,224.64,Credit Card,Cancelled,
ORD_000042,USR_0017,RES_029,2025-05-10,851.43,UPI,Cancelled,
ORD_000043,USR_0034,RES_038,2025-05-10,159.9,Debit Card,Delivered,60.0
ORD_000044,USR_0013,RES_044,2025-05-11,937.93,COD,Delivered,45.0
ORD_000045,USR_0029,RES_032,2025-05-11,1360.6,Credit Card,Cancelled,
ORD_000046,USR_0048,RES_020,2025-05-11,593.95,Net Banking,Delivered,23.0
ORD_000047,USR_0033,RES_003,2025-05-12,1477.74,COD,Delivered,41.0
ORD_000048,USR_0025,RES_043,2025-05-12,348.07,Net Banking,Delivered,24.0
ORD_000049,USR_0046,RES_038,2025-05-14,657.06,Credit Card,Delivered,59.0
ORD_000050,USR_0005,RES_013,2025-05-14,1207.37,Net Banking,Delivered,33.0
ORD_000051,USR_0017,RES_005,2025-05-15,1429.64,Debit Card,Cancelled,
ORD_000052,USR_0048,RES_045,2025-05-15,1799.34,Credit Card,Cancelled,
ORD_000053,USR_0031,RES_034,2025-05-16,1503.72,COD,Delivered,32.0
ORD_000054,USR_0021,RES_025,2025-05-19,684.43,Debit Card,Delivered,47.0
ORD_000055,USR_0039,RES_004,2025-05-24,1601.01,Debit Card,Delivered,17.0
ORD_000056,USR_0041,RES_024,2025-05-25,454.62,UPI,Delivered,62.0
ORD_000057,USR_0037,RES_022,2025-05-25,845.4,Net Banking,Delivered,41.0
ORD_000058,USR_0023,RES_040,2025-05-25,1626.05,Debit Card,Delivered,55.0
ORD_000059,USR_0025,RES_050,2025-05-26,201.73,Debit Card,Delivered,34.0
ORD_000060,USR_0018,RES_012,2025-05-31,1765.56,Credit Card,Delivered,59.0
ORD_000061,USR_0058,RES_043,2025-06-01,372.84,COD,Delivered,28.0
ORD_000062,USR_0025,RES_048,2025-06-02,559.41,Credit Card,Delivered,38.0
ORD_000063,USR_0014,RES_017,2025-06-04,189.21,UPI,Cancelled,
ORD_000064,USR_0052,RES_010,2025-06-05,815.9,UPI,Delivered,43.0
ORD_000065,USR_0057,RES_043,2025-06-07,1690.1,Net Banking,Delivered,19.0
ORD_000066,USR_0013,RES_033,2025-06-07,183.78,Credit Card,Delivered,18.0
ORD_000067,USR_0024,RES_038,2025-06-07,1433.62,Net Banking,Delivered,37.0
ORD_000068,USR_0063,RES_024,2025-06-08,1530.96,Credit Card,Cancelled,
ORD_000069,USR_0045,RES_016,2025-06-08,238.82,Net Banking,Delivered,53.0
ORD_000070,USR_0030,RES_003,2025-06-10,1770.07,UPI,Delivered,31.0
ORD_000071,USR_0045,RES_025,2025-06-10,764.27,COD,Delivered,42.0
ORD_000072,USR_0010,RES_047,2025-06-13,924.14,Debit Card,Delivered,25.0
ORD_000073,USR_0017,RES_002,2025-06-14,1054.0,Credit Card,Delivered,50.0
ORD_000074,USR_0047,RES_021,2025-06-15,1024.54,Net Banking,Delivered,17.0
ORD_000075,USR_0046,RES_038,2025-06-15,529.77,COD,Delivered,26.0
ORD_000076,USR_0054,RES_013,2025-06-17,1062.76,COD,Delivered,62.0
ORD_000077,USR_0059,RES_037,2025-06-17,145.82,UPI,Cancelled,
ORD_000078,USR_0027,RES_044,2025-06-18,825.31,COD,Delivered,65.0
ORD_000079,USR_0056,RES_002,2025-06-21,1779.04,Debit Card,Delivered,47.0
ORD_000080,USR_0055,RES_034,2025-06-21,238.99,UPI,Delivered,39.0
ORD_000081,USR_0064,RES_035,2025-06-21,344.92,COD,Delivered,47.0
ORD_000082,USR_0019,RES_005,2025-06-23,218.53,UPI,Delivered,25.0
ORD_000083,USR_0010,RES_033,2025-06-24,270.52,Net Banking,Cancelled,
ORD_000084,USR_0058,RES_050,2025-06-26,204.94,Credit Card,Delivered,38.0
ORD_000085,USR_0004,RES_003,2025-06-27,432.13,UPI,Delivered,53.0
ORD_000086,USR_0068,RES_005,2025-07-01,529.4,Credit Card,Cancelled,
ORD_000087,USR_0068,RES_043,2025-07-04,1738.13,Debit Card,Cancelled,
ORD_000088,USR_0056,RES_035,2025-07-04,317.81,Debit Card,Delivered,34.0
ORD_000089,USR_0071,RES_023,2025-07-05,751.61,COD,Delivered,63.0
ORD_000090,USR_0041,RES_050,2025-07-06,308.51,COD,Cancelled,
ORD_000091,USR_0068,RES_039,2025-07-06,156.62,Credit Card,Delivered,19.0
ORD_000092,USR_0035,RES_013,2025-07-08,1439.36,Debit Card,Delivered,34.0
ORD_000093,USR_0015,RES_026,2025-07-09,1087.16,Debit Card,Delivered,39.0
ORD_000094,USR_0054,RES_024,2025-07-11,1252.49,COD,Delivered,39.0
ORD_000095,USR_0050,RES_003,2025-07-11,790.2,Debit Card,Delivered,62.0
ORD_000096,USR_0064,RES_021,2025-07-12,418.06,Net Banking,Cancelled,
ORD_000097,USR_0042,RES_031,2025-07-12,1658.64,Debit Card,Delivered,35.0
ORD_000098,USR_0049,RES_026,2025-07-12,1388.34,COD,Delivered,27.0
ORD_000099,USR_0066,RES_008,2025-07-15,1391.84,UPI,Delivered,25.0
ORD_000100,USR_0063,RES_024,2025-07-15,390.32,COD,Delivered,19.0
ORD_000101,USR_0064,RES_040,2025-07-16,1071.12,Debit Card,Delivered,46.0
ORD_000102,USR_0004,RES_042,2025-07-18,1743.84,UPI,Delivered,16.0
ORD_000103,USR_0014,RES_017,2025-07-19,861.36,Net Banking,Delivered,15.0
ORD_000104,USR_0053,RES_027,2025-07-20,148.8,Net Banking,Delivered,59.0
ORD_000105,USR_0078,RES_028,2025-07-20,500.99,Debit Card,Delivered,38.0
ORD_000106,USR_0069,RES_041,2025-07-21,1674.73,Credit Card,Delivered,41.0
ORD_000107,USR_0053,RES_028,2025-07-22,1603.14,Credit Card,Delivered,25.0
ORD_000108,USR_0008,RES_037,2025-07-22,1134.42,Credit Card,Delivered,52.0
ORD_000109,USR_0057,RES_013,2025-07-22,688.9,Net Banking,Delivered,53.0
ORD_000110,USR_0026,RES_027,2025-07-25,199.04,UPI,Cancelled,
ORD_000111,USR_0056,RES_005,2025-07-27,326.91,UPI,Delivered,60.0
ORD_000112,USR_0018,RES_017,2025-07-28,205.07,Net Banking,Delivered,51.0
ORD_000113,USR_0017,RES_026,2025-07-29,688.35,Credit Card,Delivered,40.0
ORD_000114,USR_0004,RES_042,2025-07-29,1285.18,COD,Cancelled,
ORD_000115,USR_0057,RES_013,2025-07-30,665.18,Debit Card,Delivered,25.0
ORD_000116,USR_0013,RES_009,2025-07-30,654.6,COD,Cancelled,
ORD_000117,USR_0016,RES_005,2025-07-30,355.43,Credit Card,Delivered,33.0
ORD_000118,USR_0076,RES_043,2025-08-03,647.0,Net Banking,Delivered,24.0
ORD_000119,USR_0045,RES_026,2025-08-05,964.16,Credit Card,Delivered,40.0
ORD_000120,USR_0052,RES_035,2025-08-05,185.94,COD,Delivered,39.0
ORD_000121,USR_0060,RES_020,2025-08-08,855.81,Credit Card,Delivered,27.0
ORD_000122,USR_0077,RES_003,2025-08-10,1560.67,Net Banking,Delivered,24.0
ORD_000123,USR_0031,RES_034,2025-08-10,1217.51,Credit Card,Delivered,17.0
ORD_000124,USR_0061,RES_001,2025-08-11,927.22,Net Banking,Cancelled,
ORD_000125,USR_0084,RES_031,2025-08-11,1618.57,COD,Delivered,63.0
ORD_000126,USR_0087,RES_050,2025-08-12,1084.26,Net Banking,Delivered,36.0
ORD_000127,USR_0050,RES_012,2025-08-15,196.8,Credit Card,Delivered,29.0
ORD_000128,USR_0011,RES_012,2025-08-16,1302.78,COD,Delivered,28.0
ORD_000129,USR_0019,RES_014,2025-08-18,319.79,UPI,Delivered,31.0
ORD_000130,USR_0054,RES_050,2025-08-19,1735.72,Credit Card,Delivered,20.0
ORD_000131,USR_0019,RES_010,2025-08-21,1091.2,Debit Card,Delivered,53.0
ORD_000132,USR_0052,RES_035,2025-08-23,361.45,Debit Card,Delivered,54.0
ORD_000133,USR_0077,RES_035,2025-08-23,1526.12,UPI,Delivered,24.0
ORD_000134,USR_0008,RES_039,2025-08-24,535.82,Credit Card,Delivered,37.0
ORD_000135,USR_0030,RES_049,2025-08-24,1161.23,Debit Card,Delivered,31.0
ORD_000136,USR_0071,RES_041,2025-08-26,316.29,Credit Card,Delivered,17.0
ORD_000137,USR_0005,RES_022,2025-08-26,1447.53,Debit Card,Delivered,34.0
ORD_000138,USR_0017,RES_036,2025-08-26,230.04,UPI,Delivered,34.0
ORD_000139,USR_0059,RES_021,2025-08-27,1004.43,Debit Card,Delivered,15.0
ORD_000140,USR_0056,RES_002,2025-08-29,697.98,COD,Delivered,51.0
ORD_000141,USR_0093,RES_003,2025-08-29,919.2,Net Banking,Delivered,41.0
ORD_000142,USR_0090,RES_029,2025-08-29,1219.45,Debit Card,Delivered,29.0
ORD_000143,USR_0007,RES_005,2025-08-29,675.41,UPI,Delivered,15.0
ORD_000144,USR_0071,RES_041,2025-09-01,971.11,COD,Delivered,55.0
ORD_000145,USR_0049,RES_017,2025-09-02,1498.87,Debit Card,Cancelled,
ORD_000146,USR_0075,RES_013,2025-09-02,1774.6,UPI,Delivered,28.0
ORD_000147,USR_0035,RES_050,2025-09-02,1669.34,UPI,Delivered,38.0
ORD_000148,USR_0070,RES_047,2025-09-02,420.69,COD,Delivered,53.0
ORD_000149,USR_0073,RES_003,2025-09-02,674.82,Credit Card,Delivered,63.0
ORD_000150,USR_0059,RES_004,2025-09-04,1487.63,Net Banking,Delivered,64.0
ORD_000151,USR_0050,RES_003,2025-09-04,820.18,UPI,Delivered,39.0
ORD_000152,USR_0085,RES_041,2025-09-05,1082.17,COD,Delivered,40.0
ORD_000153,USR_0062,RES_010,2025-09-05,1151.56,UPI,Cancelled,
ORD_000154,USR_0076,RES_013,2025-09-07,1446.45,Debit Card,Delivered,39.0
ORD_000155,USR_0050,RES_011,2025-09-07,216.54,Credit Card,Cancelled,
ORD_000156,USR_0086,RES_034,2025-09-07,771.5,COD,Delivered,20.0
ORD_000157,USR_0032,RES_024,2025-09-07,1560.85,UPI,Delivered,39.0
ORD_000158,USR_0087,RES_050,2025-09-07,257.37,COD,Cancelled,
ORD_000159,USR_0060,RES_028,2025-09-08,1458.51,Credit Card,Delivered,62.0
ORD_000160,USR_0086,RES_030,2025-09-08,763.47,Credit Card,Delivered,41.0
ORD_000161,USR_0005,RES_022,2025-09-08,1340.87,Net Banking,Delivered,27.0
ORD_000162,USR_0061,RES_010,2025-09-09,341.62,COD,Delivered,35.0
ORD_000163,USR_0095,RES_042,2025-09-10,1531.84,Credit Card,Delivered,49.0
ORD_000164,USR_0068,RES_007,2025-09-11,697.27,COD,Cancelled,
ORD_000165,USR_0097,RES_017,2025-09-12,1280.2,Credit Card,Delivered,33.0
ORD_000166,USR_0088,RES_017,2025-09-12,226.41,Net Banking,Delivered,49.0
ORD_000167,USR_0049,RES_045,2025-09-13,941.02,COD,Delivered,20.0
ORD_000168,USR_0015,RES_039,2025-09-14,173.04,UPI,Delivered,59.0
ORD_000169,USR_0083,RES_028,2025-09-15,745.74,Net Banking,Delivered,53.0
ORD_000170,USR_0035,RES_035,2025-09-15,1159.08,Debit Card,Delivered,54.0
ORD_000171,USR_0029,RES_002,2025-09-16,250.72,Debit Card,Delivered,37.0
ORD_000172,USR_0085,RES_028,2025-09-16,789.53,Credit Card,Delivered,42.0
ORD_000173,USR_0032,RES_020,2025-09-17,1772.41,Debit Card,Cancelled,
ORD_000174,USR_0075,RES_024,2025-09-17,1629.55,UPI,Delivered,27.0
ORD_000175,USR_0041,RES_050,2025-09-17,350.43,COD,Delivered,21.0
ORD_000176,USR_0068,RES_007,2025-09-18,1405.66,Net Banking,Delivered,43.0
ORD_000177,USR_0008,RES_039,2025-09-19,592.03,Debit Card,Cancelled,
ORD_000178,USR_0091,RES_045,2025-09-19,1474.67,COD,Delivered,34.0
ORD_000179,USR_0065,RES_027,2025-09-21,1460.81,Debit Card,Cancelled,
ORD_000180,USR_0054,RES_020,2025-09-21,1414.22,Net Banking,Delivered,30.0
ORD_000181,USR_0099,RES_024,2025-09-21,1049.1,Net Banking,Delivered,39.0
ORD_000182,USR_0109,RES_027,2025-09-22,971.42,COD,Delivered,23.0
ORD_000183,USR_0094,RES_044,2025-09-22,1785.34,COD,Delivered,61.0
ORD_000184,USR_0108,RES_019,2025-09-23,1499.31,Credit Card,Delivered,47.0
ORD_000185,USR_0067,RES_049,2025-09-23,293.21,Debit Card,Delivered,64.0
ORD_000186,USR_0035,RES_043,2025-09-23,497.19,UPI,Delivered,65.0
ORD_000187,USR_0101,RES_003,2025-09-24,514.57,Debit Card,Delivered,30.0
ORD_000188,USR_0047,RES_042,2025-09-24,1711.66,COD,Delivered,61.0
ORD_000189,USR_0100,RES_043,2025-09-24,1723.11,UPI,Cancelled,
ORD_000190,USR_0105,RES_022,2025-09-25,530.85,Debit Card,Delivered,45.0
ORD_000191,USR_0056,RES_035,2025-09-26,490.94,Net Banking,Delivered,18.0
ORD_000192,USR_0014,RES_031,2025-09-26,1042.93,Credit Card,Delivered,32.0
ORD_000193,USR_0105,RES_026,2025-09-26,1521.89,Credit Card,Delivered,19.0
ORD_000194,USR_0041,RES_050,2025-09-27,1241.09,COD,Delivered,44.0
ORD_000195,USR_0023,RES_011,2025-09-27,352.51,Debit Card,Cancelled,
ORD_000196,USR_0090,RES_030,2025-09-28,1259.37,COD,Delivered,50.0
ORD_000197,USR_0033,RES_049,2025-09-29,1363.29,COD,Delivered,23.0
ORD_000198,USR_0097,RES_026,2025-09-29,1316.7,UPI,Delivered,51.0
ORD_000199,USR_0109,RES_038,2025-09-30,802.57,Debit Card,Delivered,17.0
ORD_000200,USR_0052,RES_035,2025-10-01,1229.08,Credit Card,Delivered,20.0
ORD_000201,USR_0065,RES_029,2025-10-01,724.66,UPI,Delivered,32.0
ORD_000202,USR_0062,RES_048,2025-10-02,1455.56,Credit Card,Delivered,25.0
ORD_000203,USR_0045,RES_006,2025-10-02,293.38,Debit Card,Delivered,38.0
ORD_000204,USR_0115,RES_027,2025-10-03,1035.8,Credit Card,Delivered,57.0
ORD_000205,USR_0094,RES_032,2025-10-03,637.58,COD,Delivered,43.0
ORD_000206,USR_0089,RES_016,2025-10-03,167.0,Credit Card,Delivered,24.0
ORD_000207,USR_0115,RES_041,2025-10-03,496.73,Credit Card,Cancelled,
ORD_000208,USR_0058,RES_049,2025-10-03,1135.21,UPI,Cancelled,
ORD_000209,USR_0056,RES_019,2025-10-03,697.2,Net Banking,Delivered,22.0
ORD_000210,USR_0093,RES_049,2025-10-03,858.76,Credit Card,Delivered,31.0
ORD_000211,USR_0006,RES_018,2025-10-05,614.22,UPI,Delivered,26.0
ORD_000212,USR_0067,RES_021,2025-10-05,734.51,Debit Card,Delivered,40.0
ORD_000213,USR_0099,RES_024,2025-10-06,164.12,COD,Delivered,37.0
ORD_000214,USR_0087,RES_050,2025-10-06,143.17,UPI,Delivered,28.0
ORD_000215,USR_0009,RES_031,2025-10-07,678.12,Net Banking,Delivered,54.0
ORD_000216,USR_0009,RES_017,2025-10-07,472.27,UPI,Delivered,59.0
ORD_000217,USR_0105,RES_031,2025-10-07,756.18,UPI,Delivered,39.0
ORD_000218,USR_0111,RES_038,2025-10-07,1346.67,Debit Card,Delivered,43.0
ORD_000219,USR_0053,RES_038,2025-10-09,541.17,Net Banking,Delivered,17.0
ORD_000220,USR_0095,RES_049,2025-10-10,308.55,UPI,Delivered,65.0
ORD_000221,USR_0027,RES_042,2025-10-10,1393.06,Credit Card,Delivered,19.0
ORD_000222,USR_0021,RES_037,2025-10-11,1066.21,Net Banking,Delivered,56.0
ORD_000223,USR_0099,RES_050,2025-10-11,255.17,Debit Card,Delivered,44.0
ORD_000224,USR_0102,RES_033,2025-10-12,165.22,Net Banking,Cancelled,
ORD_000225,USR_0090,RES_034,2025-10-15,733.7,UPI,Delivered,56.0
ORD_000226,USR_0068,RES_046,2025-10-15,519.05,COD,Delivered,43.0
ORD_000227,USR_0106,RES_049,2025-10-15,234.81,COD,Cancelled,
ORD_000228,USR_0024,RES_047,2025-10-16,309.3,Net Banking,Delivered,24.0
ORD_000229,USR_0007,RES_042,2025-10-17,1762.59,COD,Delivered,60.0
ORD_000230,USR_0043,RES_015,2025-10-17,1338.99,Debit Card,Delivered,46.0
ORD_000231,USR_0052,RES_019,2025-10-17,481.44,UPI,Delivered,37.0
ORD_000232,USR_0101,RES_042,2025-10-17,1627.44,Net Banking,Delivered,48.0
ORD_000233,USR_0017,RES_045,2025-10-18,822.75,Debit Card,Delivered,17.0
ORD_000234,USR_0089,RES_041,2025-10-18,1151.7,Net Banking,Delivered,27.0
ORD_000235,USR_0034,RES_050,2025-10-18,1415.57,Credit Card,Delivered,60.0
ORD_000236,USR_0034,RES_001,2025-10-18,615.12,Net Banking,Cancelled,
ORD_000237,USR_0080,RES_040,2025-10-18,1589.7,COD,Delivered,59.0
ORD_000238,USR_0006,RES_007,2025-10-19,958.83,Debit Card,Delivered,56.0
ORD_000239,USR_0083,RES_008,2025-10-19,324.94,COD,Delivered,38.0
ORD_000240,USR_0096,RES_023,2025-10-21,1000.01,COD,Delivered,39.0
ORD_000241,USR_0058,RES_050,2025-10-23,828.99,Credit Card,Delivered,17.0
ORD_000242,USR_0113,RES_041,2025-10-23,756.79,Credit Card,Cancelled,
ORD_000243,USR_0064,RES_044,2025-10-24,1523.99,Net Banking,Delivered,59.0
ORD_000244,USR_0065,RES_015,2025-10-24,1004.0,COD,Delivered,30.0
ORD_000245,USR_0073,RES_042,2025-10-25,945.97,Net Banking,Delivered,21.0
ORD_000246,USR_0014,RES_031,2025-10-26,404.73,UPI,Cancelled,
ORD_000247,USR_0012,RES_050,2025-10-26,1686.17,Debit Card,Delivered,47.0
ORD_000248,USR_0078,RES_011,2025-10-27,1504.99,Debit Card,Delivered,59.0
ORD_000249,USR_0002,RES_009,2025-10-28,1238.09,Net Banking,Delivered,26.0
ORD_000250,USR_0030,RES_003,2025-10-28,189.13,COD,Delivered,35.0
ORD_000251,USR_0035,RES_024,2025-10-28,378.96,Net Banking,Delivered,42.0
ORD_000252,USR_0033,RES_003,2025-10-29,1302.21,Credit Card,Delivered,15.0
ORD_000253,USR_0097,RES_031,2025-10-29,1614.74,COD,Delivered,53.0
ORD_000254,USR_0011,RES_006,2025-10-30,415.85,Debit Card,Delivered,52.0
ORD_000255,USR_0121,RES_031,2025-10-30,1598.32,Credit Card,Delivered,61.0
ORD_000256,USR_0017,RES_028,2025-10-31,781.76,Debit Card,Delivered,65.0
ORD_000257,USR_0108,RES_041,2025-10-31,1591.39,COD,Delivered,28.0
ORD_000258,USR_0059,RES_020,2025-11-01,186.78,Debit Card,Delivered,48.0
ORD_000259,USR_0090,RES_033,2025-11-01,588.2,UPI,Delivered,22.0
ORD_000260,USR_0054,RES_004,2025-11-02,606.39,UPI,Delivered,40.0
ORD_000261,USR_0092,RES_038,2025-11-03,645.35,UPI,Delivered,62.0
ORD_000262,USR_0027,RES_044,2025-11-03,1331.85,Net Banking,Delivered,46.0
ORD_000263,USR_0016,RES_005,2025-11-04,1445.76,UPI,Delivered,15.0
ORD_000264,USR_0012,RES_026,2025-11-04,667.9,Credit Card,Delivered,21.0
ORD_000265,USR_0035,RES_013,2025-11-04,963.06,Net Banking,Delivered,54.0
ORD_000266,USR_0120,RES_049,2025-11-04,799.73,UPI,Delivered,62.0
ORD_000267,USR_0117,RES_042,2025-11-05,1306.02,UPI,Delivered,42.0
ORD_000268,USR_0067,RES_043,2025-11-07,350.99,Credit Card,Delivered,55.0
ORD_000269,USR_0119,RES_050,2025-11-08,777.89,COD,Cancelled,
ORD_000270,USR_0046,RES_027,2025-11-08,1202.41,Net Banking,Delivered,17.0
ORD_000271,USR_0044,RES_032,2025-11-08,1621.9,COD,Cancelled,
ORD_000272,USR_0116,RES_022,2025-11-09,536.21,Net Banking,Delivered,43.0
ORD_000273,USR_0086,RES_042,2025-11-09,1403.9,Credit Card,Delivered,52.0
ORD_000274,USR_0119,RES_030,2025-11-10,143.71,Net Banking,Delivered,48.0
ORD_000275,USR_0079,RES_032,2025-11-11,140.51,Net Banking,Delivered,46.0
ORD_000276,USR_0102,RES_009,2025-11-11,1049.72,Credit Card,Delivered,43.0
ORD_000277,USR_0032,RES_043,2025-11-11,341.68,Debit Card,Cancelled,
ORD_000278,USR_0110,RES_035,2025-11-11,1077.72,Debit Card,Delivered,49.0
ORD_000279,USR_0083,RES_036,2025-11-12,628.74,COD,Delivered,32.0
ORD_000280,USR_0025,RES_039,2025-11-13,429.08,Net Banking,Delivered,39.0
ORD_000281,USR_0131,RES_050,2025-11-14,341.0,COD,Delivered,16.0
ORD_000282,USR_0073,RES_042,2025-11-14,605.24,Debit Card,Delivered,26.0
ORD_000283,USR_0124,RES_048,2025-11-14,1228.03,Debit Card,Delivered,44.0
ORD_000284,USR_0129,RES_013,2025-11-16,1574.34,Net Banking,Delivered,30.0
ORD_000285,USR_0040,RES_026,2025-11-16,652.47,Credit Card,Delivered,37.0
ORD_000286,USR_0121,RES_031,2025-11-16,1269.92,Net Banking,Delivered,60.0
ORD_000287,USR_0022,RES_008,2025-11-17,1695.58,COD,Cancelled,
ORD_000288,USR_0062,RES_038,2025-11-19,598.67,UPI,Cancelled,
ORD_000289,USR_0127,RES_008,2025-11-19,998.65,Debit Card,Delivered,65.0
ORD_000290,USR_0128,RES_012,2025-11-19,710.74,Credit Card,Cancelled,
ORD_000291,USR_0047,RES_039,2025-11-21,168.0,Debit Card,Delivered,57.0
ORD_000292,USR_0128,RES_013,2025-11-22,1114.83,Debit Card,Delivered,44.0
ORD_000293,USR_0058,RES_050,2025-11-23,1088.27,UPI,Cancelled,
ORD_000294,USR_0125,RES_017,2025-11-24,623.56,Debit Card,Delivered,65.0
ORD_000295,USR_0090,RES_009,2025-11-24,730.4,Credit Card,Delivered,42.0
ORD_000296,USR_0033,RES_012,2025-11-25,776.87,Debit Card,Delivered,49.0
ORD_000297,USR_0126,RES_037,2025-11-25,1338.34,COD,Delivered,32.0
ORD_000298,USR_0060,RES_032,2025-11-26,1101.06,Debit Card,Delivered,63.0
ORD_000299,USR_0038,RES_024,2025-11-26,1476.73,Debit Card,Cancelled,
ORD_000300,USR_0125,RES_005,2025-11-26,693.42,Credit Card,Delivered,47.0
ORD_000301,USR_0017,RES_006,2025-11-28,211.29,Credit Card,Delivered,42.0
ORD_000302,USR_0051,RES_025,2025-11-28,209.97,Credit Card,Delivered,36.0
ORD_000303,USR_0120,RES_034,2025-11-29,686.84,Credit Card,Cancelled,
ORD_000304,USR_0028,RES_002,2025-11-29,606.65,Debit Card,Cancelled,
ORD_000305,USR_0006,RES_022,2025-11-30,370.68,Debit Card,Delivered,49.0
ORD_000306,USR_0121,RES_022,2025-11-30,136.25,Credit Card,Delivered,23.0
ORD_000307,USR_0093,RES_044,2025-12-01,1273.43,Credit Card,Cancelled,
ORD_000308,USR_0137,RES_017,2025-12-01,1315.84,Credit Card,Delivered,59.0
ORD_000309,USR_0011,RES_016,2025-12-02,362.24,Net Banking,Cancelled,
ORD_000310,USR_0128,RES_030,2025-12-02,223.55,UPI,Cancelled,
ORD_000311,USR_0049,RES_017,2025-12-03,1441.1,Credit Card,Delivered,24.0
ORD_000312,USR_0108,RES_032,2025-12-03,553.84,Credit Card,Delivered,31.0
ORD_000313,USR_0076,RES_043,2025-12-04,1768.59,Credit Card,Delivered,42.0
ORD_000314,USR_0044,RES_038,2025-12-05,859.57,COD,Delivered,42.0
ORD_000315,USR_0138,RES_025,2025-12-07,1353.57,Debit Card,Delivered,61.0
ORD_000316,USR_0118,RES_001,2025-12-07,1342.04,Credit Card,Delivered,60.0
ORD_000317,USR_0069,RES_041,2025-12-07,1646.19,Net Banking,Delivered,38.0
ORD_000318,USR_0121,RES_026,2025-12-07,1451.8,Debit Card,Delivered,56.0
ORD_000319,USR_0095,RES_026,2025-12-07,1522.5,UPI,Delivered,63.0
ORD_000320,USR_0022,RES_041,2025-12-08,472.11,Debit Card,Delivered,31.0
ORD_000321,USR_0007,RES_010,2025-12-09,1272.5,UPI,Cancelled,
ORD_000322,USR_0129,RES_024,2025-12-09,859.03,UPI,Delivered,29.0
ORD_000323,USR_0080,RES_037,2025-12-09,1208.59,Credit Card,Delivered,58.0
ORD_000324,USR_0083,RES_032,2025-12-09,844.05,COD,Delivered,50.0
ORD_000325,USR_0106,RES_003,2025-12-09,592.78,Net Banking,Cancelled,
ORD_000326,USR_0059,RES_039,2025-12-10,382.17,COD,Delivered,62.0
ORD_000327,USR_0025,RES_034,2025-12-11,836.3,Net Banking,Cancelled,
ORD_000328,USR_0048,RES_028,2025-12-12,651.11,UPI,Delivered,43.0
ORD_000329,USR_0001,RES_047,2025-12-12,1489.26,UPI,Delivered,30.0
ORD_000330,USR_0112,RES_039,2025-12-12,1090.9,Credit Card,Delivered,28.0
ORD_000331,USR_0030,RES_012,2025-12-13,1523.19,Net Banking,Delivered,57.0
ORD_000332,USR_0135,RES_010,2025-12-14,1447.83,Debit Card,Delivered,16.0
ORD_000333,USR_0126,RES_025,2025-12-14,1215.09,Debit Card,Cancelled,
ORD_000334,USR_0113,RES_018,2025-12-15,290.06,COD,Delivered,29.0
ORD_000335,USR_0029,RES_019,2025-12-16,192.77,UPI,Delivered,62.0
ORD_000336,USR_0121,RES_031,2025-12-16,344.3,COD,Delivered,26.0
ORD_000337,USR_0004,RES_042,2025-12-17,734.58,COD,Delivered,29.0
ORD_000338,USR_0107,RES_044,2025-12-17,1055.09,Credit Card,Delivered,23.0
ORD_000339,USR_0122,RES_047,2025-12-17,546.1,COD,Cancelled,
ORD_000340,USR_0140,RES_030,2025-12-17,899.12,Net Banking,Delivered,22.0
ORD_000341,USR_0092,RES_029,2025-12-18,989.81,UPI,Delivered,50.0
ORD_000342,USR_0124,RES_048,2025-12-18,1756.85,COD,Delivered,24.0
ORD_000343,USR_0139,RES_039,2025-12-18,219.39,UPI,Delivered,64.0
ORD_000344,USR_0107,RES_009,2025-12-18,1792.54,COD,Delivered,55.0
ORD_000345,USR_0090,RES_034,2025-12-18,1774.74,Credit Card,Delivered,42.0
ORD_000346,USR_0133,RES_021,2025-12-18,1549.78,Debit Card,Delivered,44.0
ORD_000347,USR_0027,RES_019,2025-12-19,1697.81,Credit Card,Delivered,17.0
ORD_000348,USR_0061,RES_044,2025-12-19,865.54,Net Banking,Delivered,16.0
ORD_000349,USR_0069,RES_018,2025-12-19,1242.6,Debit Card,Delivered,48.0
ORD_000350,USR_0130,RES_022,2025-12-20,1742.97,Net Banking,Delivered,51.0
ORD_000351,USR_0066,RES_029,2025-12-21,309.73,Net Banking,Delivered,41.0
ORD_000352,USR_0068,RES_023,2025-12-21,1280.06,Net Banking,Delivered,18.0
ORD_000353,USR_0117,RES_049,2025-12-22,239.93,Credit Card,Delivered,45.0
ORD_000354,USR_0137,RES_020,2025-12-23,1496.19,Credit Card,Delivered,22.0
ORD_000355,USR_0072,RES_050,2025-12-23,1223.94,COD,Delivered,21.0
ORD_000356,USR_0091,RES_044,2025-12-24,1697.66,Credit Card,Delivered,38.0
ORD_000357,USR_0138,RES_040,2025-12-24,909.29,COD,Cancelled,
ORD_000358,USR_0135,RES_014,2025-12-25,1058.15,Net Banking,Delivered,50.0
ORD_000359,USR_0021,RES_025,2025-12-25,1197.85,Credit Card,Delivered,58.0
ORD_000360,USR_0106,RES_044,2025-12-25,1201.72,COD,Delivered,49.0
ORD_000361,USR_0096,RES_048,2025-12-25,273.2,Net Banking,Delivered,60.0
ORD_000362,USR_0138,RES_025,2025-12-26,415.97,UPI,Delivered,40.0
ORD_000363,USR_0030,RES_007,2025-12-28,736.75,UPI,Cancelled,
ORD_000364,USR_0014,RES_017,2025-12-28,1321.54,Debit Card,Delivered,41.0
ORD_000365,USR_0139,RES_004,2025-12-29,1175.54,COD,Delivered,35.0
ORD_000366,USR_0056,RES_042,2025-12-29,660.31,Debit Card,Cancelled,
ORD_000367,USR_0110,RES_030,2025-12-29,585.84,Net Banking,Delivered,18.0
ORD_000368,USR_0068,RES_005,2025-12-30,955.88,Credit Card,Delivered,50.0
ORD_000369,USR_0090,RES_016,2025-12-31,1231.73,UPI,Delivered,33.0
ORD_000370,USR_0071,RES_039,2025-12-31,197.18,Net Banking,Delivered,55.0
ORD_000371,USR_0051,RES_018,2025-12-31,716.58,COD,Delivered,58.0
ORD_000372,USR_0010,RES_009,2026-01-01,1368.05,UPI,Cancelled,
ORD_000373,USR_0096,RES_035,2026-01-01,1437.86,Net Banking,Cancelled,
ORD_000374,USR_0005,RES_017,2026-01-01,1340.03,Debit Card,Delivered,45.0
ORD_000375,USR_0084,RES_041,2026-01-01,1732.47,Debit Card,Delivered,58.0
ORD_000376,USR_0117,RES_041,2026-01-02,702.46,UPI,Delivered,43.0
ORD_000377,USR_0127,RES_008,2026-01-02,294.56,Net Banking,Cancelled,
ORD_000378,USR_0071,RES_035,2026-01-04,188.53,COD,Delivered,37.0
ORD_000379,USR_0025,RES_030,2026-01-04,254.47,Net Banking,Delivered,17.0
ORD_000380,USR_0048,RES_011,2026-01-04,1431.97,UPI,Delivered,65.0
ORD_000381,USR_0051,RES_028,2026-01-05,1756.53,Debit Card,Delivered,27.0
ORD_000382,USR_0021,RES_039,2026-01-05,862.29,Credit Card,Cancelled,
ORD_000383,USR_0067,RES_028,2026-01-06,1291.29,COD,Delivered,61.0
ORD_000384,USR_0141,RES_026,2026-01-06,299.79,COD,Delivered,21.0
ORD_000385,USR_0081,RES_038,2026-01-07,1334.27,COD,Delivered,29.0
ORD_000386,USR_0045,RES_025,2026-01-07,1632.97,Debit Card,Delivered,41.0
ORD_000387,USR_0130,RES_046,2026-01-08,1084.46,UPI,Delivered,25.0
ORD_000388,USR_0101,RES_012,2026-01-08,807.35,Net Banking,Delivered,46.0
ORD_000389,USR_0117,RES_003,2026-01-09,1376.38,UPI,Delivered,33.0
ORD_000390,USR_0054,RES_043,2026-01-09,276.81,Debit Card,Delivered,38.0
ORD_000391,USR_0144,RES_018,2026-01-09,626.97,Credit Card,Delivered,23.0
ORD_000392,USR_0019,RES_005,2026-01-10,1189.95,UPI,Delivered,60.0
ORD_000393,USR_0101,RES_012,2026-01-11,252.75,Net Banking,Delivered,40.0
ORD_000394,USR_0128,RES_049,2026-01-11,481.99,Net Banking,Delivered,31.0
ORD_000395,USR_0034,RES_050,2026-01-11,1773.86,Net Banking,Cancelled,
ORD_000396,USR_0009,RES_017,2026-01-11,489.1,Debit Card,Cancelled,
ORD_000397,USR_0028,RES_032,2026-01-11,230.98,COD,Delivered,28.0
ORD_000398,USR_0084,RES_023,2026-01-12,1222.03,Net Banking,Delivered,62.0
ORD_000399,USR_0028,RES_044,2026-01-12,699.98,COD,Delivered,46.0
ORD_000400,USR_0107,RES_048,2026-01-13,661.98,Debit Card,Cancelled,
ORD_000401,USR_0091,RES_009,2026-01-13,828.65,COD,Delivered,54.0
ORD_000402,USR_0153,RES_043,2026-01-13,595.89,Net Banking,Delivered,49.0
ORD_000403,USR_0105,RES_031,2026-01-14,1529.82,Debit Card,Delivered,56.0
ORD_000404,USR_0137,RES_036,2026-01-14,128.7,Credit Card,Delivered,50.0
ORD_000405,USR_0032,RES_012,2026-01-14,172.41,COD,Delivered,52.0
ORD_000406,USR_0126,RES_004,2026-01-14,1156.46,Debit Card,Delivered,37.0
ORD_000407,USR_0034,RES_024,2026-01-14,537.85,UPI,Delivered,46.0
ORD_000408,USR_0141,RES_050,2026-01-14,1052.97,Credit Card,Delivered,39.0
ORD_000409,USR_0035,RES_024,2026-01-15,242.88,UPI,Cancelled,
ORD_000410,USR_0131,RES_015,2026-01-15,1576.38,COD,Delivered,45.0
ORD_000411,USR_0016,RES_010,2026-01-15,276.63,Debit Card,Delivered,21.0
ORD_000412,USR_0031,RES_050,2026-01-16,320.06,Net Banking,Delivered,29.0
ORD_000413,USR_0133,RES_021,2026-01-16,397.0,UPI,Delivered,40.0
ORD_000414,USR_0020,RES_012,2026-01-16,330.58,UPI,Delivered,23.0
ORD_000415,USR_0109,RES_019,2026-01-17,341.73,Net Banking,Delivered,51.0
ORD_000416,USR_0101,RES_049,2026-01-18,1073.89,Net Banking,Delivered,20.0
ORD_000417,USR_0145,RES_043,2026-01-19,1111.71,Debit Card,Delivered,18.0
ORD_000418,USR_0123,RES_022,2026-01-20,1785.66,Debit Card,Cancelled,
ORD_000419,USR_0148,RES_022,2026-01-20,361.67,Net Banking,Delivered,53.0
ORD_000420,USR_0035,RES_020,2026-01-20,288.47,Net Banking,Delivered,47.0
ORD_000421,USR_0129,RES_043,2026-01-21,427.22,Net Banking,Delivered,40.0
ORD_000422,USR_0141,RES_034,2026-01-21,1088.63,Net Banking,Delivered,58.0
ORD_000423,USR_0037,RES_017,2026-01-21,160.17,Debit Card,Delivered,49.0
ORD_000424,USR_0087,RES_043,2026-01-21,589.78,COD,Delivered,26.0
ORD_000425,USR_0147,RES_015,2026-01-22,768.27,Debit Card,Delivered,49.0
ORD_000426,USR_0143,RES_030,2026-01-23,1608.69,UPI,Delivered,25.0
ORD_000427,USR_0141,RES_004,2026-01-23,330.92,UPI,Delivered,15.0
ORD_000428,USR_0141,RES_021,2026-01-23,1233.19,COD,Delivered,19.0
ORD_000429,USR_0055,RES_030,2026-01-23,553.88,COD,Delivered,26.0
ORD_000430,USR_0013,RES_047,2026-01-24,294.91,Net Banking,Cancelled,
ORD_000431,USR_0113,RES_004,2026-01-26,1689.74,Net Banking,Delivered,47.0
ORD_000432,USR_0035,RES_013,2026-01-26,1592.34,Credit Card,Delivered,54.0
ORD_000433,USR_0150,RES_033,2026-01-27,1330.29,Net Banking,Delivered,18.0
ORD_000434,USR_0083,RES_034,2026-01-27,868.2,Debit Card,Delivered,64.0
ORD_000435,USR_0155,RES_015,2026-01-27,1576.78,Debit Card,Delivered,46.0
ORD_000436,USR_0026,RES_012,2026-01-28,1133.55,Debit Card,Delivered,28.0
ORD_000437,USR_0117,RES_012,2026-01-28,1569.35,COD,Cancelled,
ORD_000438,USR_0096,RES_014,2026-01-28,325.35,Net Banking,Delivered,37.0
ORD_000439,USR_0157,RES_026,2026-01-29,1400.85,Debit Card,Delivered,36.0
ORD_000440,USR_0015,RES_006,2026-01-29,300.82,Net Banking,Cancelled,
ORD_000441,USR_0041,RES_024,2026-01-30,209.15,Credit Card,Delivered,18.0
ORD_000442,USR_0049,RES_017,2026-01-31,1362.35,COD,Delivered,29.0
ORD_000443,USR_0151,RES_013,2026-01-31,1370.58,Debit Card,Delivered,16.0
ORD_000444,USR_0107,RES_043,2026-02-01,1135.44,COD,Delivered,42.0
ORD_000445,USR_0109,RES_038,2026-02-01,508.35,Debit Card,Delivered,33.0
ORD_000446,USR_0030,RES_012,2026-02-01,378.58,UPI,Delivered,49.0
ORD_000447,USR_0145,RES_050,2026-02-01,1543.42,COD,Delivered,37.0
ORD_000448,USR_0081,RES_002,2026-02-01,1059.62,Net Banking,Delivered,46.0
ORD_000449,USR_0077,RES_042,2026-02-01,1726.67,Credit Card,Delivered,32.0
ORD_000450,USR_0013,RES_030,2026-02-02,530.3,Debit Card,Delivered,30.0
ORD_000451,USR_0162,RES_004,2026-02-03,344.13,COD,Delivered,37.0
ORD_000452,USR_0144,RES_041,2026-02-03,1790.8,Credit Card,Delivered,38.0
ORD_000453,USR_0058,RES_003,2026-02-03,498.98,Net Banking,Delivered,36.0
ORD_000454,USR_0163,RES_037,2026-02-04,1178.77,Debit Card,Delivered,42.0
ORD_000455,USR_0162,RES_022,2026-02-04,1767.53,UPI,Delivered,62.0
ORD_000456,USR_0162,RES_031,2026-02-04,431.01,UPI,Cancelled,
ORD_000457,USR_0122,RES_049,2026-02-05,561.81,Credit Card,Delivered,42.0
ORD_000458,USR_0097,RES_022,2026-02-05,1230.62,Net Banking,Delivered,48.0
ORD_000459,USR_0163,RES_022,2026-02-05,1017.58,COD,Delivered,25.0
ORD_000460,USR_0153,RES_042,2026-02-06,1752.64,COD,Delivered,20.0
ORD_000461,USR_0100,RES_024,2026-02-06,631.88,Debit Card,Delivered,62.0
ORD_000462,USR_0153,RES_034,2026-02-06,722.59,UPI,Delivered,43.0
ORD_000463,USR_0143,RES_003,2026-02-06,427.08,Credit Card,Delivered,62.0
ORD_000464,USR_0112,RES_013,2026-02-07,1331.59,Net Banking,Delivered,17.0
ORD_000465,USR_0077,RES_042,2026-02-07,1193.27,Debit Card,Delivered,28.0
ORD_000466,USR_0053,RES_048,2026-02-07,280.01,Credit Card,Cancelled,
ORD_000467,USR_0098,RES_037,2026-02-07,547.49,Credit Card,Delivered,15.0
ORD_000468,USR_0051,RES_016,2026-02-08,1429.6,UPI,Delivered,19.0
ORD_000469,USR_0150,RES_030,2026-02-08,772.54,Credit Card,Delivered,31.0
ORD_000470,USR_0004,RES_002,2026-02-08,546.87,Net Banking,Delivered,43.0
ORD_000471,USR_0146,RES_028,2026-02-08,1311.37,UPI,Delivered,65.0
ORD_000472,USR_0144,RES_011,2026-02-08,206.28,Credit Card,Delivered,45.0
ORD_000473,USR_0074,RES_042,2026-02-08,1668.45,COD,Delivered,22.0
ORD_000474,USR_0049,RES_005,2026-02-09,303.07,UPI,Cancelled,
ORD_000475,USR_0053,RES_023,2026-02-09,178.57,COD,Delivered,19.0
ORD_000476,USR_0148,RES_026,2026-02-09,126.93,Credit Card,Delivered,61.0
ORD_000477,USR_0079,RES_006,2026-02-11,1016.24,COD,Cancelled,
ORD_000478,USR_0057,RES_010,2026-02-11,569.39,Credit Card,Cancelled,
ORD_000479,USR_0005,RES_022,2026-02-11,426.44,UPI,Delivered,33.0
ORD_000480,USR_0060,RES_008,2026-02-12,560.75,COD,Delivered,46.0
ORD_000481,USR_0098,RES_044,2026-02-12,1042.71,COD,Delivered,45.0
ORD_000482,USR_0145,RES_050,2026-02-12,632.6,UPI,Delivered,45.0
ORD_000483,USR_0029,RES_035,2026-02-13,185.58,COD,Cancelled,
ORD_000484,USR_0135,RES_037,2026-02-14,1486.09,COD,Cancelled,
ORD_000485,USR_0015,RES_045,2026-02-14,1151.46,Net Banking,Delivered,21.0
ORD_000486,USR_0079,RES_045,2026-02-14,1341.5,Net Banking,Delivered,20.0
ORD_000487,USR_0046,RES_043,2026-02-15,256.92,Credit Card,Delivered,57.0
ORD_000488,USR_0137,RES_016,2026-02-15,232.02,Credit Card,Delivered,23.0
ORD_000489,USR_0104,RES_028,2026-02-15,1523.92,COD,Delivered,28.0
ORD_000490,USR_0105,RES_017,2026-02-16,691.14,COD,Delivered,22.0
ORD_000491,USR_0106,RES_003,2026-02-16,390.89,Net Banking,Cancelled,
ORD_000492,USR_0166,RES_031,2026-02-16,1704.62,Net Banking,Delivered,37.0
ORD_000493,USR_0048,RES_016,2026-02-17,1207.58,UPI,Delivered,53.0
ORD_000494,USR_0124,RES_038,2026-02-17,974.35,UPI,Delivered,60.0
ORD_000495,USR_0017,RES_008,2026-02-17,239.3,UPI,Cancelled,
ORD_000496,USR_0124,RES_027,2026-02-18,808.47,UPI,Delivered,35.0
ORD_000497,USR_0125,RES_022,2026-02-18,493.56,Credit Card,Delivered,59.0
ORD_000498,USR_0153,RES_049,2026-02-18,1324.2,Net Banking,Delivered,21.0
ORD_000499,USR_0118,RES_037,2026-02-18,886.99,COD,Cancelled,
ORD_000500,USR_0157,RES_017,2026-02-18,880.65,COD,Cancelled,
ORD_000501,USR_0154,RES_016,2026-02-18,625.9,Credit Card,Delivered,46.0
ORD_000502,USR_0015,RES_036,2026-02-19,1103.18,Debit Card,Delivered,27.0
ORD_000503,USR_0143,RES_048,2026-02-20,1367.42,UPI,Delivered,41.0
ORD_000504,USR_0101,RES_012,2026-02-20,1491.71,Debit Card,Delivered,40.0
ORD_000505,USR_0152,RES_018,2026-02-21,1015.01,COD,Delivered,40.0
ORD_000506,USR_0118,RES_037,2026-02-22,1173.04,UPI,Delivered,60.0
ORD_000507,USR_0141,RES_004,2026-02-22,990.05,Debit Card,Delivered,65.0
ORD_000508,USR_0111,RES_015,2026-02-22,594.9,UPI,Cancelled,
ORD_000509,USR_0173,RES_025,2026-02-22,1136.68,COD,Delivered,54.0
ORD_000510,USR_0101,RES_042,2026-02-22,427.86,COD,Delivered,21.0
ORD_000511,USR_0057,RES_043,2026-02-23,303.5,COD,Delivered,62.0
ORD_000512,USR_0138,RES_037,2026-02-23,761.88,Credit Card,Delivered,42.0
ORD_000513,USR_0032,RES_043,2026-02-23,1231.45,Credit Card,Delivered,26.0
ORD_000514,USR_0006,RES_046,2026-02-24,815.83,COD,Delivered,28.0
ORD_000515,USR_0172,RES_037,2026-02-24,1793.23,Net Banking,Delivered,44.0
ORD_000516,USR_0125,RES_017,2026-02-24,1084.19,Debit Card,Delivered,48.0
ORD_000517,USR_0125,RES_025,2026-02-25,594.95,UPI,Delivered,65.0
ORD_000518,USR_0173,RES_048,2026-02-25,835.52,COD,Delivered,32.0
ORD_000519,USR_0167,RES_030,2026-02-26,1366.03,UPI,Delivered,57.0
ORD_000520,USR_0164,RES_016,2026-02-26,982.15,UPI,Delivered,48.0
ORD_000521,USR_0107,RES_042,2026-02-26,1351.76,Net Banking,Delivered,16.0
ORD_000522,USR_0029,RES_014,2026-02-26,644.31,Net Banking,Delivered,21.0
ORD_000523,USR_0177,RES_017,2026-02-27,1181.28,Credit Card,Delivered,24.0
ORD_000524,USR_0144,RES_028,2026-02-27,1122.76,COD,Delivered,64.0
ORD_000525,USR_0175,RES_029,2026-02-27,614.79,UPI,Delivered,26.0
ORD_000526,USR_0103,RES_048,2026-02-27,178.48,UPI,Cancelled,
ORD_000527,USR_0024,RES_018,2026-02-28,611.39,Net Banking,Delivered,56.0
ORD_000528,USR_0155,RES_047,2026-02-28,355.12,UPI,Delivered,59.0
ORD_000529,USR_0155,RES_026,2026-03-01,556.39,Debit Card,Delivered,47.0
ORD_000530,USR_0082,RES_006,2026-03-01,308.78,Credit Card,Delivered,18.0
ORD_000531,USR_0005,RES_006,2026-03-01,1537.53,Net Banking,Delivered,34.0
ORD_000532,USR_0085,RES_014,2026-03-01,182.13,UPI,Delivered,27.0
ORD_000533,USR_0053,RES_038,2026-03-01,864.26,Debit Card,Cancelled,
ORD_000534,USR_0145,RES_050,2026-03-01,1152.95,Debit Card,Delivered,42.0
ORD_000535,USR_0151,RES_050,2026-03-01,1209.61,Credit Card,Delivered,60.0
ORD_000536,USR_0033,RES_042,2026-03-02,580.14,Net Banking,Delivered,63.0
ORD_000537,USR_0076,RES_039,2026-03-02,806.73,COD,Delivered,36.0
ORD_000538,USR_0081,RES_048,2026-03-02,1127.92,Debit Card,Cancelled,
ORD_000539,USR_0089,RES_016,2026-03-02,693.44,Credit Card,Delivered,26.0
ORD_000540,USR_0026,RES_048,2026-03-02,629.43,Debit Card,Delivered,48.0
ORD_000541,USR_0029,RES_007,2026-03-03,836.96,Debit Card,Delivered,57.0
ORD_000542,USR_0003,RES_021,2026-03-04,1147.02,Debit Card,Delivered,64.0
ORD_000543,USR_0102,RES_034,2026-03-04,867.79,Debit Card,Delivered,20.0
ORD_000544,USR_0152,RES_042,2026-03-04,1397.61,Credit Card,Cancelled,
ORD_000545,USR_0099,RES_006,2026-03-04,1463.79,Debit Card,Delivered,32.0
ORD_000546,USR_0121,RES_022,2026-03-04,1060.17,UPI,Cancelled,
ORD_000547,USR_0075,RES_050,2026-03-04,1744.21,COD,Cancelled,
ORD_000548,USR_0123,RES_003,2026-03-05,1701.46,Debit Card,Delivered,43.0
ORD_000549,USR_0093,RES_048,2026-03-05,1460.73,UPI,Delivered,60.0
ORD_000550,USR_0144,RES_011,2026-03-05,392.58,COD,Delivered,59.0
ORD_000551,USR_0030,RES_003,2026-03-06,1141.41,Credit Card,Delivered,46.0
ORD_000552,USR_0145,RES_013,2026-03-06,960.8,Net Banking,Delivered,58.0
ORD_000553,USR_0089,RES_018,2026-03-07,884.4,Net Banking,Delivered,57.0
ORD_000554,USR_0177,RES_006,2026-03-07,324.61,UPI,Delivered,22.0
ORD_000555,USR_0138,RES_019,2026-03-08,244.6,COD,Delivered,44.0
ORD_000556,USR_0080,RES_021,2026-03-08,735.43,COD,Delivered,39.0
ORD_000557,USR_0109,RES_038,2026-03-08,1701.87,Net Banking,Delivered,57.0
ORD_000558,USR_0082,RES_025,2026-03-09,832.22,Debit Card,Delivered,41.0
ORD_000559,USR_0178,RES_015,2026-03-10,381.37,COD,Delivered,63.0
ORD_000560,USR_0175,RES_028,2026-03-10,1647.8,Debit Card,Delivered,56.0
ORD_000561,USR_0096,RES_010,2026-03-11,755.4,UPI,Delivered,23.0
ORD_000562,USR_0146,RES_011,2026-03-11,292.06,COD,Delivered,24.0
ORD_000563,USR_0115,RES_015,2026-03-11,1211.77,COD,Cancelled,
ORD_000564,USR_0075,RES_003,2026-03-11,969.72,Net Banking,Delivered,46.0
ORD_000565,USR_0174,RES_013,2026-03-11,893.07,COD,Delivered,40.0
ORD_000566,USR_0037,RES_006,2026-03-11,1730.95,Debit Card,Delivered,58.0
ORD_000567,USR_0184,RES_017,2026-03-12,1194.41,Debit Card,Delivered,34.0
ORD_000568,USR_0063,RES_024,2026-03-12,1075.14,UPI,Delivered,50.0
ORD_000569,USR_0158,RES_048,2026-03-12,547.59,Credit Card,Delivered,64.0
ORD_000570,USR_0015,RES_008,2026-03-12,1294.93,Debit Card,Delivered,54.0
ORD_000571,USR_0150,RES_006,2026-03-13,1303.62,Net Banking,Delivered,57.0
ORD_000572,USR_0050,RES_012,2026-03-13,489.35,COD,Delivered,33.0
ORD_000573,USR_0154,RES_032,2026-03-13,1675.91,COD,Delivered,60.0
ORD_000574,USR_0123,RES_012,2026-03-14,1611.09,Debit Card,Delivered,45.0
ORD_000575,USR_0046,RES_027,2026-03-14,1501.14,Debit Card,Cancelled,
ORD_000576,USR_0088,RES_022,2026-03-14,1437.97,COD,Cancelled,
ORD_000577,USR_0041,RES_013,2026-03-15,440.02,COD,Delivered,37.0
ORD_000578,USR_0130,RES_026,2026-03-15,250.6,Net Banking,Delivered,64.0
ORD_000579,USR_0071,RES_036,2026-03-15,298.62,Net Banking,Delivered,25.0
ORD_000580,USR_0144,RES_018,2026-03-16,1522.38,Credit Card,Cancelled,
ORD_000581,USR_0167,RES_018,2026-03-16,484.59,Credit Card,Cancelled,
ORD_000582,USR_0130,RES_017,2026-03-17,884.38,Net Banking,Cancelled,
ORD_000583,USR_0138,RES_031,2026-03-17,698.52,Net Banking,Cancelled,
ORD_000584,USR_0162,RES_017,2026-03-17,1503.8,UPI,Cancelled,
ORD_000585,USR_0176,RES_016,2026-03-17,881.52,UPI,Delivered,16.0
ORD_000586,USR_0156,RES_009,2026-03-17,543.36,Debit Card,Delivered,44.0
ORD_000587,USR_0165,RES_034,2026-03-18,333.06,Debit Card,Delivered,19.0
ORD_000588,USR_0098,RES_030,2026-03-18,1715.45,COD,Cancelled,
ORD_000589,USR_0182,RES_004,2026-03-18,206.58,COD,Delivered,39.0
ORD_000590,USR_0186,RES_008,2026-03-18,1464.76,COD,Cancelled,
ORD_000591,USR_0052,RES_046,2026-03-19,1011.42,Debit Card,Delivered,27.0
ORD_000592,USR_0159,RES_027,2026-03-19,1788.93,UPI,Delivered,34.0
ORD_000593,USR_0062,RES_027,2026-03-20,1072.63,Credit Card,Cancelled,
ORD_000594,USR_0116,RES_017,2026-03-20,1530.08,Credit Card,Delivered,59.0
ORD_000595,USR_0181,RES_036,2026-03-20,1752.34,COD,Delivered,64.0
ORD_000596,USR_0164,RES_008,2026-03-20,456.3,UPI,Delivered,23.0
ORD_000597,USR_0141,RES_026,2026-03-20,1466.22,Net Banking,Delivered,54.0
ORD_000598,USR_0184,RES_031,2026-03-20,1000.26,Debit Card,Delivered,40.0
ORD_000599,USR_0078,RES_032,2026-03-20,744.26,Credit Card,Delivered,34.0
ORD_000600,USR_0091,RES_029,2026-03-21,1303.78,Debit Card,Delivered,56.0
ORD_000601,USR_0004,RES_003,2026-03-21,1179.55,UPI,Delivered,20.0
ORD_000602,USR_0100,RES_013,2026-03-21,345.03,Credit Card,Delivered,22.0
ORD_000603,USR_0161,RES_013,2026-03-21,1379.62,UPI,Delivered,32.0
ORD_000604,USR_0071,RES_016,2026-03-21,229.99,Credit Card,Delivered,57.0
ORD_000605,USR_0149,RES_038,2026-03-22,387.74,COD,Cancelled,
ORD_000606,USR_0120,RES_012,2026-03-22,1315.56,UPI,Delivered,41.0
ORD_000607,USR_0086,RES_009,2026-03-22,1431.64,Net Banking,Delivered,51.0
ORD_000608,USR_0043,RES_027,2026-03-23,1152.88,COD,Delivered,30.0
ORD_000609,USR_0171,RES_043,2026-03-23,444.68,Net Banking,Delivered,17.0
ORD_000610,USR_0184,RES_022,2026-03-23,653.88,Debit Card,Delivered,43.0
ORD_000611,USR_0176,RES_016,2026-03-23,420.65,COD,Delivered,17.0
ORD_000612,USR_0081,RES_036,2026-03-24,929.71,UPI,Delivered,31.0
ORD_000613,USR_0185,RES_049,2026-03-24,321.4,Net Banking,Delivered,20.0
ORD_000614,USR_0055,RES_009,2026-03-24,871.23,Credit Card,Cancelled,
ORD_000615,USR_0163,RES_029,2026-03-24,1375.49,UPI,Delivered,37.0
ORD_000616,USR_0168,RES_037,2026-03-24,212.46,Credit Card,Delivered,56.0
ORD_000617,USR_0124,RES_038,2026-03-25,1564.11,COD,Cancelled,
ORD_000618,USR_0178,RES_041,2026-03-25,1167.0,Debit Card,Delivered,47.0
ORD_000619,USR_0033,RES_049,2026-03-25,146.26,UPI,Delivered,46.0
ORD_000620,USR_0182,RES_025,2026-03-25,799.66,Credit Card,Delivered,46.0
ORD_000621,USR_0156,RES_013,2026-03-25,1687.26,Net Banking,Delivered,57.0
ORD_000622,USR_0078,RES_006,2026-03-26,656.11,UPI,Delivered,44.0
ORD_000623,USR_0080,RES_039,2026-03-26,870.84,Net Banking,Delivered,20.0
ORD_000624,USR_0120,RES_042,2026-03-26,832.53,Net Banking,Cancelled,
ORD_000625,USR_0185,RES_012,2026-03-26,787.22,UPI,Cancelled,
ORD_000626,USR_0149,RES_050,2026-03-26,1047.54,Net Banking,Delivered,50.0
ORD_000627,USR_0118,RES_021,2026-03-26,1492.48,Credit Card,Delivered,57.0
ORD_000628,USR_0091,RES_009,2026-03-26,1194.85,Credit Card,Cancelled,
ORD_000629,USR_0018,RES_031,2026-03-26,1146.63,COD,Delivered,59.0
ORD_000630,USR_0054,RES_002,2026-03-26,1479.62,Debit Card,Delivered,20.0
ORD_000631,USR_0055,RES_030,2026-03-27,379.92,UPI,Cancelled,
ORD_000632,USR_0085,RES_011,2026-03-27,1443.47,Net Banking,Delivered,17.0
ORD_000633,USR_0155,RES_034,2026-03-27,1532.54,Net Banking,Delivered,48.0
ORD_000634,USR_0155,RES_030,2026-03-27,129.82,UPI,Delivered,22.0
ORD_000635,USR_0160,RES_017,2026-03-27,1477.17,Credit Card,Delivered,31.0
ORD_000636,USR_0079,RES_041,2026-03-27,1152.01,COD,Delivered,46.0
ORD_000637,USR_0186,RES_049,2026-03-27,947.41,COD,Delivered,26.0
ORD_000638,USR_0055,RES_048,2026-03-27,1559.47,COD,Cancelled,
ORD_000639,USR_0042,RES_026,2026-03-27,435.07,Credit Card,Delivered,40.0
ORD_000640,USR_0188,RES_028,2026-03-28,1222.28,Debit Card,Delivered,56.0
ORD_000641,USR_0154,RES_008,2026-03-28,455.66,COD,Cancelled,
ORD_000642,USR_0046,RES_050,2026-03-28,1637.47,UPI,Cancelled,
ORD_000643,USR_0134,RES_021,2026-03-28,271.57,Debit Card,Delivered,42.0
ORD_000644,USR_0159,RES_038,2026-03-28,739.48,UPI,Delivered,33.0
ORD_000645,USR_0123,RES_003,2026-03-28,1690.39,COD,Cancelled,
ORD_000646,USR_0190,RES_018,2026-03-29,1301.55,COD,Delivered,51.0
ORD_000647,USR_0107,RES_001,2026-03-29,369.21,Net Banking,Delivered,33.0
ORD_000648,USR_0149,RES_010,2026-03-30,1759.98,Credit Card,Delivered,43.0
ORD_000649,USR_0103,RES_027,2026-03-30,1569.15,COD,Delivered,34.0
ORD_000650,USR_0079,RES_013,2026-03-30,613.19,Net Banking,Delivered,46.0
ORD_000651,USR_0078,RES_045,2026-03-31,1406.0,UPI,Cancelled,
ORD_000652,USR_0161,RES_043,2026-03-31,1354.93,Net Banking,Delivered,22.0
ORD_000653,USR_0179,RES_026,2026-03-31,309.03,Credit Card,Delivered,24.0
ORD_000654,USR_0127,RES_041,2026-03-31,1408.61,Debit Card,Delivered,22.0
ORD_000655,USR_0191,RES_021,2026-03-31,1184.26,Net Banking,Delivered,40.0
ORD_000656,USR_0182,RES_004,2026-03-31,703.76,Credit Card,Delivered,32.0
ORD_000657,USR_0118,RES_037,2026-04-01,1777.19,Net Banking,Cancelled,
ORD_000658,USR_0194,RES_010,2026-04-01,345.63,Debit Card,Delivered,61.0
ORD_000659,USR_0132,RES_023,2026-04-01,1267.23,UPI,Cancelled,
ORD_000660,USR_0070,RES_030,2026-04-02,210.82,Credit Card,Delivered,24.0
ORD_000661,USR_0186,RES_041,2026-04-02,1526.94,UPI,Delivered,52.0
ORD_000662,USR_0038,RES_050,2026-04-02,931.06,Net Banking,Delivered,33.0
ORD_000663,USR_0193,RES_048,2026-04-02,941.34,Net Banking,Delivered,16.0
ORD_000664,USR_0087,RES_043,2026-04-02,1056.68,UPI,Delivered,28.0
ORD_000665,USR_0124,RES_038,2026-04-02,178.21,COD,Delivered,54.0
ORD_000666,USR_0156,RES_025,2026-04-02,611.96,UPI,Delivered,23.0
ORD_000667,USR_0179,RES_017,2026-04-02,1437.05,COD,Delivered,47.0
ORD_000668,USR_0149,RES_048,2026-04-02,410.44,Credit Card,Delivered,25.0
ORD_000669,USR_0177,RES_022,2026-04-02,824.03,Debit Card,Delivered,62.0
ORD_000670,USR_0062,RES_006,2026-04-03,1086.43,UPI,Cancelled,
ORD_000671,USR_0172,RES_022,2026-04-03,411.88,UPI,Delivered,27.0
ORD_000672,USR_0105,RES_026,2026-04-03,352.52,Credit Card,Delivered,36.0
ORD_000673,USR_0195,RES_035,2026-04-03,847.29,Debit Card,Delivered,49.0
ORD_000674,USR_0021,RES_004,2026-04-03,654.0,Credit Card,Delivered,29.0
ORD_000675,USR_0098,RES_009,2026-04-03,261.19,Debit Card,Delivered,52.0
ORD_000676,USR_0180,RES_041,2026-04-03,134.24,Credit Card,Cancelled,
ORD_000677,USR_0173,RES_048,2026-04-03,512.47,Credit Card,Delivered,27.0
ORD_000678,USR_0088,RES_035,2026-04-04,1617.38,Debit Card,Delivered,27.0
ORD_000679,USR_0104,RES_012,2026-04-04,191.07,Net Banking,Delivered,16.0
ORD_000680,USR_0182,RES_039,2026-04-04,368.92,UPI,Delivered,42.0
ORD_000681,USR_0171,RES_013,2026-04-04,393.74,Net Banking,Delivered,64.0
ORD_000682,USR_0196,RES_035,2026-04-04,1420.94,Debit Card,Delivered,48.0
ORD_000683,USR_0189,RES_028,2026-04-04,1462.65,Debit Card,Delivered,17.0
ORD_000684,USR_0133,RES_014,2026-04-05,858.76,Debit Card,Delivered,39.0
ORD_000685,USR_0173,RES_038,2026-04-05,381.61,UPI,Delivered,15.0
ORD_000686,USR_0189,RES_006,2026-04-05,725.01,Net Banking,Cancelled,
ORD_000687,USR_0058,RES_013,2026-04-05,139.93,Net Banking,Delivered,43.0
ORD_000688,USR_0080,RES_038,2026-04-05,1272.33,UPI,Delivered,59.0
ORD_000689,USR_0128,RES_029,2026-04-05,1273.01,Net Banking,Delivered,55.0
ORD_000690,USR_0129,RES_013,2026-04-05,1669.43,Net Banking,Delivered,45.0
ORD_000691,USR_0163,RES_029,2026-04-05,1342.76,COD,Delivered,53.0
ORD_000692,USR_0151,RES_024,2026-04-05,276.48,Debit Card,Delivered,44.0
ORD_000693,USR_0149,RES_030,2026-04-06,455.47,Credit Card,Delivered,38.0
ORD_000694,USR_0052,RES_018,2026-04-06,1618.66,COD,Cancelled,
ORD_000695,USR_0033,RES_012,2026-04-06,220.98,COD,Delivered,27.0
ORD_000696,USR_0040,RES_032,2026-04-06,1634.79,UPI,Delivered,49.0
ORD_000697,USR_0117,RES_003,2026-04-06,1541.4,COD,Cancelled,
ORD_000698,USR_0167,RES_046,2026-04-06,539.46,Debit Card,Delivered,60.0
ORD_000699,USR_0075,RES_013,2026-04-07,1443.32,COD,Delivered,20.0
ORD_000700,USR_0163,RES_034,2026-04-07,1581.24,COD,Delivered,29.0
ORD_000701,USR_0023,RES_020,2026-04-07,1576.18,UPI,Delivered,49.0
ORD_000702,USR_0133,RES_043,2026-04-07,272.78,Net Banking,Delivered,47.0
ORD_000703,USR_0168,RES_040,2026-04-07,575.5,COD,Cancelled,
ORD_000704,USR_0153,RES_049,2026-04-07,687.02,Credit Card,Cancelled,
ORD_000705,USR_0034,RES_050,2026-04-07,930.89,COD,Cancelled,
ORD_000706,USR_0094,RES_045,2026-04-08,1033.28,Net Banking,Delivered,35.0
ORD_000707,USR_0168,RES_037,2026-04-08,652.12,Debit Card,Delivered,50.0
ORD_000708,USR_0137,RES_006,2026-04-08,420.5,UPI,Delivered,60.0
ORD_000709,USR_0127,RES_034,2026-04-08,1092.1,Credit Card,Delivered,51.0
ORD_000710,USR_0180,RES_032,2026-04-09,656.45,Credit Card,Delivered,51.0
ORD_000711,USR_0185,RES_044,2026-04-09,1312.53,Net Banking,Delivered,32.0
ORD_000712,USR_0174,RES_013,2026-04-09,1257.06,COD,Delivered,40.0
ORD_000713,USR_0056,RES_007,2026-04-09,1514.2,COD,Delivered,33.0
ORD_000714,USR_0135,RES_014,2026-04-10,211.67,UPI,Delivered,26.0
ORD_000715,USR_0137,RES_032,2026-04-10,836.04,Net Banking,Delivered,62.0
ORD_000716,USR_0002,RES_043,2026-04-10,373.45,UPI,Cancelled,
ORD_000717,USR_0156,RES_040,2026-04-10,1742.4,UPI,Delivered,42.0
ORD_000718,USR_0126,RES_032,2026-04-10,1164.7,UPI,Delivered,33.0
ORD_000719,USR_0187,RES_015,2026-04-10,429.2,UPI,Delivered,49.0
ORD_000720,USR_0134,RES_037,2026-04-10,420.96,Credit Card,Delivered,51.0
ORD_000721,USR_0040,RES_009,2026-04-11,1014.97,Net Banking,Delivered,54.0
ORD_000722,USR_0163,RES_004,2026-04-11,1216.15,COD,Delivered,52.0
ORD_000723,USR_0200,RES_024,2026-04-11,349.38,COD,Delivered,39.0
ORD_000724,USR_0053,RES_038,2026-04-11,1155.13,Credit Card,Delivered,65.0
ORD_000725,USR_0199,RES_042,2026-04-12,673.44,COD,Delivered,17.0
ORD_000726,USR_0183,RES_031,2026-04-12,1376.34,Debit Card,Delivered,42.0
ORD_000727,USR_0087,RES_050,2026-04-12,339.6,Debit Card,Delivered,40.0
ORD_000728,USR_0019,RES_046,2026-04-13,523.83,Debit Card,Delivered,62.0
ORD_000729,USR_0193,RES_038,2026-04-13,663.41,Credit Card,Delivered,16.0
ORD_000730,USR_0069,RES_015,2026-04-13,1579.5,UPI,Delivered,33.0
ORD_000731,USR_0137,RES_023,2026-04-13,362.39,Credit Card,Delivered,26.0
ORD_000732,USR_0194,RES_030,2026-04-14,395.17,Net Banking,Delivered,61.0
ORD_000733,USR_0194,RES_005,2026-04-14,318.75,COD,Delivered,15.0
ORD_000734,USR_0161,RES_012,2026-04-14,1593.35,Debit Card,Delivered,33.0
ORD_000735,USR_0168,RES_001,2026-04-14,1209.85,Debit Card,Cancelled,
ORD_000736,USR_0201,RES_028,2026-04-15,766.43,COD,Delivered,44.0
ORD_000737,USR_0154,RES_011,2026-04-15,769.43,COD,Delivered,31.0
ORD_000738,USR_0170,RES_034,2026-04-15,542.86,Net Banking,Delivered,30.0
ORD_000739,USR_0159,RES_047,2026-04-15,888.41,COD,Delivered,52.0
ORD_000740,USR_0014,RES_031,2026-04-16,1729.43,Net Banking,Cancelled,
ORD_000741,USR_0186,RES_029,2026-04-16,1305.42,Debit Card,Delivered,45.0
ORD_000742,USR_0176,RES_006,2026-04-16,1233.81,Debit Card,Delivered,57.0
ORD_000743,USR_0127,RES_016,2026-04-17,826.39,Debit Card,Delivered,36.0
ORD_000744,USR_0161,RES_050,2026-04-17,965.99,Debit Card,Delivered,42.0
ORD_000745,USR_0101,RES_003,2026-04-17,881.29,COD,Delivered,30.0
ORD_000746,USR_0193,RES_027,2026-04-17,480.9,UPI,Delivered,35.0
ORD_000747,USR_0101,RES_042,2026-04-17,1726.12,Net Banking,Delivered,55.0
ORD_000748,USR_0001,RES_034,2026-04-17,1170.39,COD,Delivered,30.0
ORD_000749,USR_0097,RES_026,2026-04-17,1396.1,Net Banking,Delivered,20.0
ORD_000750,USR_0205,RES_008,2026-04-18,1024.53,UPI,Delivered,43.0
ORD_000751,USR_0173,RES_015,2026-04-18,1660.75,Debit Card,Cancelled,
ORD_000752,USR_0033,RES_049,2026-04-18,583.62,Net Banking,Delivered,34.0
ORD_000753,USR_0182,RES_039,2026-04-18,619.63,UPI,Delivered,21.0
ORD_000754,USR_0186,RES_029,2026-04-18,1523.0,COD,Cancelled,
ORD_000755,USR_0196,RES_003,2026-04-18,1462.3,UPI,Delivered,63.0
ORD_000756,USR_0191,RES_037,2026-04-19,1009.75,COD,Delivered,19.0
ORD_000757,USR_0189,RES_028,2026-04-19,414.45,UPI,Delivered,50.0
ORD_000758,USR_0151,RES_024,2026-04-19,1425.08,COD,Delivered,51.0
ORD_000759,USR_0175,RES_028,2026-04-19,697.73,COD,Delivered,45.0
ORD_000760,USR_0054,RES_007,2026-04-19,721.31,Debit Card,Delivered,41.0
ORD_000761,USR_0184,RES_031,2026-04-19,152.58,COD,Delivered,18.0
ORD_000762,USR_0146,RES_029,2026-04-20,1492.73,Net Banking,Delivered,20.0
ORD_000763,USR_0073,RES_049,2026-04-20,1036.65,Net Banking,Cancelled,
ORD_000764,USR_0181,RES_013,2026-04-20,424.31,UPI,Cancelled,
ORD_000765,USR_0156,RES_003,2026-04-20,1254.04,COD,Cancelled,
ORD_000766,USR_0045,RES_040,2026-04-21,1238.07,Credit Card,Delivered,53.0
ORD_000767,USR_0029,RES_046,2026-04-21,1780.45,Debit Card,Delivered,55.0
ORD_000768,USR_0162,RES_030,2026-04-21,711.7,COD,Delivered,47.0
ORD_000769,USR_0130,RES_022,2026-04-22,1171.33,UPI,Delivered,39.0
ORD_000770,USR_0189,RES_029,2026-04-22,187.63,UPI,Cancelled,
ORD_000771,USR_0154,RES_032,2026-04-22,157.02,COD,Delivered,29.0
ORD_000772,USR_0170,RES_022,2026-04-22,747.72,Net Banking,Cancelled,
ORD_000773,USR_0110,RES_034,2026-04-22,1389.21,UPI,Delivered,22.0
ORD_000774,USR_0122,RES_030,2026-04-23,1798.24,Net Banking,Delivered,16.0
ORD_000775,USR_0036,RES_004,2026-04-23,1147.96,Net Banking,Delivered,58.0
ORD_000776,USR_0176,RES_034,2026-04-23,620.73,Debit Card,Delivered,65.0
ORD_000777,USR_0131,RES_032,2026-04-23,1278.8,Net Banking,Delivered,37.0
ORD_000778,USR_0101,RES_049,2026-04-23,1229.93,UPI,Cancelled,
ORD_000779,USR_0200,RES_043,2026-04-23,590.85,Credit Card,Cancelled,
ORD_000780,USR_0182,RES_025,2026-04-24,1565.41,Credit Card,Delivered,34.0
ORD_000781,USR_0050,RES_041,2026-04-24,1734.81,Net Banking,Delivered,34.0
ORD_000782,USR_0102,RES_047,2026-04-24,1317.67,COD,Delivered,57.0
ORD_000783,USR_0188,RES_030,2026-04-24,1715.89,Debit Card,Delivered,23.0
ORD_000784,USR_0174,RES_029,2026-04-25,1008.63,Net Banking,Delivered,20.0
ORD_000785,USR_0193,RES_048,2026-04-25,370.86,UPI,Delivered,32.0
ORD_000786,USR_0172,RES_027,2026-04-26,423.0,Net Banking,Delivered,20.0
ORD_000787,USR_0066,RES_041,2026-04-27,385.52,Net Banking,Delivered,16.0
ORD_000788,USR_0177,RES_022,2026-04-27,1562.04,Debit Card,Delivered,36.0
ORD_000789,USR_0036,RES_005,2026-04-27,1325.89,UPI,Delivered,37.0
ORD_000790,USR_0207,RES_025,2026-04-27,920.61,Credit Card,Delivered,37.0
ORD_000791,USR_0095,RES_003,2026-04-27,556.23,COD,Delivered,51.0
ORD_000792,USR_0129,RES_043,2026-04-27,868.54,UPI,Cancelled,
ORD_000793,USR_0190,RES_002,2026-04-28,1177.0,COD,Delivered,17.0
ORD_000794,USR_0138,RES_039,2026-04-28,1570.94,UPI,Delivered,28.0
ORD_000795,USR_0047,RES_037,2026-04-28,1784.23,Debit Card,Delivered,62.0
ORD_000796,USR_0199,RES_013,2026-04-28,1439.15,UPI,Delivered,64.0
ORD_000797,USR_0022,RES_011,2026-04-28,204.59,COD,Delivered,29.0
ORD_000798,USR_0152,RES_041,2026-04-28,741.05,COD,Delivered,28.0
ORD_000799,USR_0202,RES_027,2026-04-29,1129.41,COD,Delivered,65.0
ORD_000800,USR_0174,RES_043,2026-04-29,1550.45,Credit Card,Delivered,24.0
ORD_000801,USR_0137,RES_016,2026-04-29,609.48,COD,Delivered,32.0
ORD_000802,USR_0055,RES_043,2026-04-29,1177.66,COD,Cancelled,
ORD_000803,USR_0178,RES_048,2026-04-30,1098.38,Debit Card,Cancelled,
ORD_000804,USR_0138,RES_021,2026-04-30,1789.35,Debit Card,Delivered,65.0
ORD_000805,USR_0122,RES_047,2026-04-30,623.65,UPI,Cancelled,
ORD_000806,USR_0198,RES_007,2026-04-30,765.83,Net Banking,Delivered,59.0
ORD_000807,USR_0125,RES_001,2026-04-30,1252.99,Credit Card,Cancelled,
ORD_000808,USR_0178,RES_018,2026-04-30,1144.22,UPI,Cancelled,
ORD_000809,USR_0091,RES_009,2026-04-30,796.79,Debit Card,Delivered,62.0
ORD_000810,USR_0145,RES_048,2026-04-30,1711.9,Credit Card,Delivered,51.0
ORD_000811,USR_0144,RES_028,2026-05-01,421.32,UPI,Delivered,35.0
ORD_000812,USR_0182,RES_025,2026-05-01,1074.1,Credit Card,Delivered,23.0
ORD_000813,USR_0091,RES_034,2026-05-01,1255.46,Debit Card,Delivered,61.0
ORD_000814,USR_0097,RES_026,2026-05-01,1247.72,COD,Delivered,23.0
ORD_000815,USR_0045,RES_043,2026-05-01,873.65,UPI,Delivered,15.0
ORD_000816,USR_0110,RES_033,2026-05-01,1358.56,Credit Card,Cancelled,
ORD_000817,USR_0192,RES_031,2026-05-02,1092.22,Debit Card,Delivered,56.0
ORD_000818,USR_0083,RES_029,2026-05-02,539.33,Credit Card,Delivered,60.0
ORD_000819,USR_0192,RES_017,2026-05-02,806.07,UPI,Delivered,52.0
ORD_000820,USR_0207,RES_004,2026-05-03,1648.36,Net Banking,Delivered,36.0
ORD_000821,USR_0129,RES_024,2026-05-03,879.22,Debit Card,Delivered,44.0
ORD_000822,USR_0159,RES_050,2026-05-03,1412.52,Debit Card,Delivered,59.0
ORD_000823,USR_0179,RES_031,2026-05-03,1470.66,Net Banking,Delivered,48.0
ORD_000824,USR_0146,RES_015,2026-05-03,265.28,Net Banking,Delivered,48.0
ORD_000825,USR_0075,RES_028,2026-05-04,479.07,COD,Delivered,47.0
ORD_000826,USR_0069,RES_011,2026-05-04,127.84,Credit Card,Delivered,49.0
ORD_000827,USR_0155,RES_009,2026-05-04,1361.15,Net Banking,Delivered,43.0
ORD_000828,USR_0179,RES_017,2026-05-05,1503.21,Credit Card,Delivered,19.0
ORD_000829,USR_0207,RES_004,2026-05-05,1339.66,Credit Card,Delivered,63.0
ORD_000830,USR_0102,RES_015,2026-05-05,1678.21,Debit Card,Delivered,31.0
ORD_000831,USR_0131,RES_017,2026-05-06,1080.89,Net Banking,Delivered,25.0
ORD_000832,USR_0044,RES_006,2026-05-06,202.37,Credit Card,Delivered,41.0
ORD_000833,USR_0134,RES_021,2026-05-06,1532.67,Net Banking,Cancelled,
ORD_000834,USR_0166,RES_031,2026-05-06,699.84,Net Banking,Delivered,37.0
ORD_000835,USR_0209,RES_034,2026-05-06,1398.8,COD,Delivered,25.0
ORD_000836,USR_0067,RES_044,2026-05-06,821.14,UPI,Delivered,19.0
ORD_000837,USR_0194,RES_046,2026-05-07,1207.47,Debit Card,Delivered,19.0
ORD_000838,USR_0192,RES_028,2026-05-07,1150.8,COD,Cancelled,
ORD_000839,USR_0180,RES_020,2026-05-07,1765.15,UPI,Delivered,15.0
ORD_000840,USR_0006,RES_005,2026-05-07,168.34,Credit Card,Delivered,31.0
ORD_000841,USR_0170,RES_031,2026-05-07,905.24,Credit Card,Delivered,50.0
ORD_000842,USR_0195,RES_046,2026-05-08,517.74,Debit Card,Delivered,47.0
ORD_000843,USR_0056,RES_032,2026-05-08,1053.53,Net Banking,Delivered,57.0
ORD_000844,USR_0197,RES_002,2026-05-09,1166.95,UPI,Delivered,43.0
ORD_000845,USR_0138,RES_004,2026-05-09,1074.32,Debit Card,Delivered,41.0
ORD_000846,USR_0079,RES_035,2026-05-09,268.06,Credit Card,Delivered,21.0
ORD_000847,USR_0175,RES_041,2026-05-10,1754.09,COD,Delivered,29.0
ORD_000848,USR_0180,RES_028,2026-05-10,548.98,Net Banking,Delivered,52.0
ORD_000849,USR_0167,RES_009,2026-05-10,356.67,Debit Card,Delivered,18.0
ORD_000850,USR_0165,RES_030,2026-05-10,1720.64,COD,Delivered,25.0
ORD_000851,USR_0042,RES_017,2026-05-10,549.73,COD,Delivered,49.0
ORD_000852,USR_0204,RES_021,2026-05-10,461.19,Net Banking,Delivered,64.0
ORD_000853,USR_0127,RES_041,2026-05-10,200.15,UPI,Cancelled,
ORD_000854,USR_0195,RES_019,2026-05-10,180.2,UPI,Delivered,50.0
ORD_000855,USR_0056,RES_010,2026-05-10,1744.68,COD,Delivered,65.0
ORD_000856,USR_0180,RES_011,2026-05-11,306.29,COD,Delivered,58.0
ORD_000857,USR_0048,RES_008,2026-05-11,740.98,UPI,Delivered,38.0
ORD_000858,USR_0196,RES_040,2026-05-11,1506.52,Net Banking,Delivered,29.0
ORD_000859,USR_0117,RES_012,2026-05-12,422.37,Net Banking,Delivered,23.0
ORD_000860,USR_0206,RES_004,2026-05-12,1190.87,Net Banking,Cancelled,
ORD_000861,USR_0199,RES_049,2026-05-12,858.54,Net Banking,Delivered,45.0
ORD_000862,USR_0207,RES_021,2026-05-13,1184.39,Debit Card,Cancelled,
ORD_000863,USR_0201,RES_029,2026-05-13,1114.04,Credit Card,Delivered,46.0
ORD_000864,USR_0077,RES_042,2026-05-13,987.73,Debit Card,Delivered,15.0
ORD_000865,USR_0085,RES_016,2026-05-13,1256.55,Credit Card,Delivered,22.0
ORD_000866,USR_0063,RES_024,2026-05-13,1148.25,COD,Delivered,21.0
ORD_000867,USR_0201,RES_046,2026-05-13,931.89,Debit Card,Cancelled,
ORD_000868,USR_0122,RES_009,2026-05-14,1587.2,Net Banking,Delivered,17.0
ORD_000869,USR_0182,RES_025,2026-05-14,595.94,UPI,Delivered,27.0
ORD_000870,USR_0112,RES_046,2026-05-14,953.49,Net Banking,Delivered,39.0
ORD_000871,USR_0184,RES_017,2026-05-14,1220.36,COD,Delivered,15.0
ORD_000872,USR_0092,RES_038,2026-05-14,1244.35,Credit Card,Delivered,26.0
ORD_000873,USR_0167,RES_047,2026-05-14,230.46,Net Banking,Delivered,40.0
ORD_000874,USR_0205,RES_045,2026-05-14,644.93,Net Banking,Delivered,39.0
ORD_000875,USR_0155,RES_044,2026-05-14,421.3,UPI,Delivered,48.0
ORD_000876,USR_0062,RES_027,2026-05-14,538.57,COD,Cancelled,
ORD_000877,USR_0162,RES_017,2026-05-15,711.33,COD,Delivered,44.0
ORD_000878,USR_0030,RES_036,2026-05-15,206.43,COD,Delivered,33.0
ORD_000879,USR_0011,RES_042,2026-05-15,1245.32,Credit Card,Delivered,48.0
ORD_000880,USR_0210,RES_033,2026-05-15,524.32,UPI,Delivered,19.0
ORD_000881,USR_0118,RES_040,2026-05-15,1117.38,Net Banking,Delivered,48.0
ORD_000882,USR_0100,RES_040,2026-05-16,939.6,COD,Delivered,15.0
ORD_000883,USR_0210,RES_006,2026-05-16,1250.6,Debit Card,Delivered,23.0
ORD_000884,USR_0043,RES_027,2026-05-16,1191.38,COD,Cancelled,
ORD_000885,USR_0019,RES_046,2026-05-16,410.25,UPI,Delivered,45.0
ORD_000886,USR_0211,RES_040,2026-05-17,1285.01,COD,Delivered,24.0
ORD_000887,USR_0214,RES_002,2026-05-17,1710.89,Debit Card,Delivered,45.0
ORD_000888,USR_0055,RES_034,2026-05-17,582.26,COD,Delivered,50.0
ORD_000889,USR_0197,RES_007,2026-05-17,476.83,UPI,Cancelled,
ORD_000890,USR_0127,RES_015,2026-05-18,261.59,Debit Card,Delivered,49.0
ORD_000891,USR_0076,RES_043,2026-05-18,1040.31,COD,Delivered,35.0
ORD_000892,USR_0133,RES_002,2026-05-19,813.3,Net Banking,Cancelled,
ORD_000893,USR_0207,RES_006,2026-05-19,1645.82,COD,Delivered,53.0
ORD_000894,USR_0181,RES_003,2026-05-19,355.22,COD,Delivered,22.0
ORD_000895,USR_0140,RES_047,2026-05-19,1478.67,COD,Delivered,19.0
ORD_000896,USR_0006,RES_019,2026-05-19,1178.66,Credit Card,Delivered,65.0
ORD_000897,USR_0071,RES_018,2026-05-19,1585.13,UPI,Delivered,55.0
ORD_000898,USR_0176,RES_045,2026-05-20,707.0,Debit Card,Delivered,28.0
ORD_000899,USR_0018,RES_017,2026-05-20,166.54,Net Banking,Delivered,34.0
ORD_000900,USR_0172,RES_037,2026-05-20,1049.92,Credit Card,Delivered,50.0
ORD_000901,USR_0186,RES_032,2026-05-20,1329.3,Debit Card,Delivered,55.0
ORD_000902,USR_0135,RES_023,2026-05-21,779.74,COD,Delivered,24.0
ORD_000903,USR_0073,RES_003,2026-05-21,919.69,UPI,Cancelled,
ORD_000904,USR_0187,RES_022,2026-05-21,1260.82,Debit Card,Delivered,38.0
ORD_000905,USR_0007,RES_014,2026-05-21,1346.33,UPI,Delivered,30.0
ORD_000906,USR_0115,RES_038,2026-05-21,360.74,COD,Delivered,21.0
ORD_000907,USR_0193,RES_015,2026-05-21,537.01,Net Banking,Delivered,37.0
ORD_000908,USR_0209,RES_050,2026-05-22,1087.28,Net Banking,Delivered,51.0
ORD_000909,USR_0073,RES_042,2026-05-22,475.35,Credit Card,Delivered,26.0
ORD_000910,USR_0060,RES_043,2026-05-22,1135.39,Net Banking,Delivered,28.0
ORD_000911,USR_0141,RES_037,2026-05-22,1436.78,COD,Delivered,29.0
ORD_000912,USR_0087,RES_024,2026-05-22,1423.97,Debit Card,Delivered,30.0
ORD_000913,USR_0149,RES_027,2026-05-23,619.5,Net Banking,Delivered,51.0
ORD_000914,USR_0140,RES_034,2026-05-23,1655.81,UPI,Delivered,19.0
ORD_000915,USR_0206,RES_048,2026-05-24,571.14,Debit Card,Delivered,33.0
ORD_000916,USR_0112,RES_001,2026-05-24,1161.16,Credit Card,Delivered,39.0
ORD_000917,USR_0201,RES_050,2026-05-24,956.87,Credit Card,Delivered,16.0
ORD_000918,USR_0073,RES_012,2026-05-24,1486.15,COD,Delivered,57.0
ORD_000919,USR_0204,RES_004,2026-05-24,272.51,Debit Card,Delivered,62.0
ORD_000920,USR_0159,RES_013,2026-05-24,220.05,COD,Delivered,24.0
ORD_000921,USR_0200,RES_024,2026-05-24,284.01,Net Banking,Delivered,61.0
ORD_000922,USR_0199,RES_012,2026-05-24,205.55,UPI,Delivered,15.0
ORD_000923,USR_0105,RES_031,2026-05-24,1178.0,Net Banking,Delivered,26.0
ORD_000924,USR_0171,RES_024,2026-05-24,831.81,UPI,Delivered,59.0
ORD_000925,USR_0167,RES_033,2026-05-25,185.84,COD,Cancelled,
ORD_000926,USR_0170,RES_017,2026-05-25,951.41,Credit Card,Delivered,22.0
ORD_000927,USR_0145,RES_017,2026-05-25,1117.62,UPI,Cancelled,
ORD_000928,USR_0192,RES_047,2026-05-25,809.33,Net Banking,Delivered,35.0
ORD_000929,USR_0217,RES_006,2026-05-25,1335.94,Credit Card,Cancelled,
ORD_000930,USR_0090,RES_009,2026-05-26,345.27,Net Banking,Delivered,53.0
ORD_000931,USR_0119,RES_025,2026-05-26,1170.36,Net Banking,Delivered,60.0
ORD_000932,USR_0213,RES_013,2026-05-26,1623.48,UPI,Cancelled,
ORD_000933,USR_0197,RES_021,2026-05-26,350.52,Credit Card,Delivered,15.0
ORD_000934,USR_0144,RES_036,2026-05-27,423.36,UPI,Cancelled,
ORD_000935,USR_0131,RES_030,2026-05-27,1413.33,UPI,Delivered,59.0
ORD_000936,USR_0165,RES_044,2026-05-27,820.79,UPI,Delivered,45.0
ORD_000937,USR_0188,RES_033,2026-05-27,1124.28,UPI,Delivered,60.0
ORD_000938,USR_0173,RES_048,2026-05-27,577.13,Net Banking,Delivered,57.0
ORD_000939,USR_0182,RES_037,2026-05-28,1078.07,Debit Card,Delivered,27.0
ORD_000940,USR_0076,RES_043,2026-05-28,1522.7,Debit Card,Delivered,54.0
ORD_000941,USR_0207,RES_045,2026-05-28,1159.79,COD,Delivered,63.0
ORD_000942,USR_0208,RES_003,2026-05-28,1611.51,Net Banking,Delivered,62.0
ORD_000943,USR_0149,RES_027,2026-05-29,1274.79,UPI,Delivered,37.0
ORD_000944,USR_0202,RES_016,2026-05-29,341.67,Net Banking,Delivered,41.0
ORD_000945,USR_0098,RES_034,2026-05-29,422.09,COD,Delivered,35.0
ORD_000946,USR_0168,RES_001,2026-05-29,476.73,Credit Card,Delivered,55.0
ORD_000947,USR_0204,RES_040,2026-05-29,1753.9,Debit Card,Delivered,24.0
ORD_000948,USR_0060,RES_027,2026-05-29,1432.6,Credit Card,Delivered,17.0
ORD_000949,USR_0147,RES_048,2026-05-29,1119.99,UPI,Delivered,34.0
ORD_000950,USR_0130,RES_026,2026-05-30,261.54,COD,Delivered,50.0
ORD_000951,USR_0158,RES_015,2026-05-30,872.81,Net Banking,Cancelled,
ORD_000952,USR_0099,RES_013,2026-05-30,1722.78,COD,Delivered,34.0
ORD_000953,USR_0202,RES_014,2026-05-30,1058.66,Debit Card,Cancelled,
ORD_000954,USR_0044,RES_016,2026-05-30,1406.02,Net Banking,Delivered,17.0
ORD_000955,USR_0009,RES_017,2026-05-30,163.24,Debit Card,Delivered,25.0
ORD_000956,USR_0208,RES_049,2026-05-31,1071.42,UPI,Delivered,40.0
ORD_000957,USR_0128,RES_049,2026-05-31,323.06,Debit Card,Delivered,51.0
ORD_000958,USR_0188,RES_039,2026-05-31,1113.86,Debit Card,Delivered,44.0
ORD_000959,USR_0204,RES_021,2026-05-31,1117.59,COD,Cancelled,
ORD_000960,USR_0094,RES_009,2026-05-31,1002.85,Debit Card,Delivered,48.0
ORD_000961,USR_0207,RES_021,2026-06-01,890.21,UPI,Delivered,62.0
ORD_000962,USR_0219,RES_017,2026-06-01,862.08,Net Banking,Delivered,41.0
ORD_000963,USR_0109,RES_019,2026-06-01,1738.26,Credit Card,Delivered,35.0
ORD_000964,USR_0144,RES_032,2026-06-01,269.62,Credit Card,Delivered,38.0
ORD_000965,USR_0195,RES_010,2026-06-01,1734.88,Net Banking,Delivered,44.0
ORD_000966,USR_0135,RES_027,2026-06-01,622.07,UPI,Delivered,40.0
ORD_000967,USR_0211,RES_004,2026-06-01,1299.14,UPI,Delivered,28.0
ORD_000968,USR_0215,RES_017,2026-06-01,578.29,Credit Card,Delivered,47.0
ORD_000969,USR_0213,RES_043,2026-06-02,1353.93,UPI,Cancelled,
ORD_000970,USR_0203,RES_024,2026-06-02,195.07,UPI,Delivered,60.0
ORD_000971,USR_0081,RES_027,2026-06-02,499.44,UPI,Delivered,58.0
ORD_000972,USR_0066,RES_048,2026-06-02,821.36,COD,Delivered,62.0
ORD_000973,USR_0188,RES_033,2026-06-03,1460.58,Credit Card,Delivered,53.0
ORD_000974,USR_0130,RES_017,2026-06-03,227.17,COD,Delivered,45.0
ORD_000975,USR_0164,RES_032,2026-06-03,780.34,Credit Card,Cancelled,
ORD_000976,USR_0008,RES_021,2026-06-03,1366.05,Credit Card,Delivered,62.0
ORD_000977,USR_0165,RES_021,2026-06-03,682.82,Debit Card,Delivered,42.0
ORD_000978,USR_0225,RES_004,2026-06-04,519.97,Debit Card,Delivered,22.0
ORD_000979,USR_0012,RES_005,2026-06-04,315.0,Credit Card,Delivered,61.0
ORD_000980,USR_0213,RES_026,2026-06-04,225.61,Credit Card,Delivered,38.0
ORD_000981,USR_0030,RES_012,2026-06-05,169.77,Net Banking,Delivered,32.0
ORD_000982,USR_0078,RES_020,2026-06-05,1589.25,Debit Card,Delivered,23.0
ORD_000983,USR_0214,RES_005,2026-06-05,404.05,UPI,Cancelled,
ORD_000984,USR_0066,RES_034,2026-06-05,1257.42,Debit Card,Delivered,49.0
ORD_000985,USR_0101,RES_013,2026-06-05,1510.24,Net Banking,Cancelled,
ORD_000986,USR_0202,RES_006,2026-06-05,783.18,Net Banking,Delivered,25.0
ORD_000987,USR_0109,RES_038,2026-06-05,455.58,Debit Card,Cancelled,
ORD_000988,USR_0009,RES_017,2026-06-05,959.81,Debit Card,Delivered,20.0
ORD_000989,USR_0218,RES_046,2026-06-05,1690.87,Debit Card,Cancelled,
ORD_000990,USR_0186,RES_016,2026-06-06,414.15,Net Banking,Delivered,64.0
ORD_000991,USR_0145,RES_043,2026-06-06,443.42,UPI,Delivered,47.0
ORD_000992,USR_0131,RES_003,2026-06-06,598.06,COD,Delivered,56.0
ORD_000993,USR_0014,RES_031,2026-06-06,1603.12,Net Banking,Cancelled,
ORD_000994,USR_0213,RES_024,2026-06-06,392.92,COD,Delivered,30.0
ORD_000995,USR_0136,RES_015,2026-06-06,173.71,UPI,Cancelled,
ORD_000996,USR_0119,RES_048,2026-06-07,1213.63,Credit Card,Cancelled,
ORD_000997,USR_0225,RES_021,2026-06-07,572.63,COD,Delivered,41.0
ORD_000998,USR_0218,RES_033,2026-06-07,1251.48,Net Banking,Delivered,49.0
ORD_000999,USR_0183,RES_022,2026-06-07,1470.55,UPI,Delivered,23.0
ORD_001000,USR_0210,RES_009,2026-06-07,915.24,Credit Card,Delivered,62.0
ORD_001001,USR_0179,RES_003,2026-06-07,438.95,Net Banking,Delivered,43.0
ORD_001002,USR_0189,RES_028,2026-06-08,884.0,COD,Delivered,40.0
ORD_001003,USR_0132,RES_007,2026-06-08,411.48,UPI,Delivered,24.0
ORD_001004,USR_0222,RES_048,2026-06-08,798.89,Debit Card,Cancelled,
ORD_001005,USR_0150,RES_047,2026-06-08,1607.49,Debit Card,Delivered,45.0
ORD_001006,USR_0190,RES_041,2026-06-08,795.81,COD,Delivered,29.0
ORD_001007,USR_0101,RES_003,2026-06-08,1525.64,COD,Delivered,46.0
ORD_001008,USR_0198,RES_004,2026-06-08,1792.75,Credit Card,Delivered,64.0
ORD_001009,USR_0068,RES_014,2026-06-08,802.24,UPI,Delivered,44.0
ORD_001010,USR_0224,RES_031,2026-06-08,1267.0,Credit Card,Delivered,32.0
ORD_001011,USR_0164,RES_008,2026-06-08,374.71,COD,Delivered,63.0
ORD_001012,USR_0052,RES_007,2026-06-08,1524.98,Net Banking,Delivered,57.0
ORD_001013,USR_0050,RES_034,2026-06-09,875.76,Debit Card,Delivered,36.0
ORD_001014,USR_0161,RES_043,2026-06-09,1611.32,Debit Card,Delivered,64.0
ORD_001015,USR_0203,RES_050,2026-06-09,1455.78,COD,Delivered,50.0
ORD_001016,USR_0173,RES_006,2026-06-09,1340.54,UPI,Delivered,47.0
ORD_001017,USR_0163,RES_045,2026-06-09,439.56,COD,Delivered,45.0
ORD_001018,USR_0172,RES_038,2026-06-10,127.48,Credit Card,Delivered,28.0
ORD_001019,USR_0145,RES_002,2026-06-10,1758.63,Debit Card,Delivered,23.0
ORD_001020,USR_0216,RES_040,2026-06-10,1230.24,Debit Card,Delivered,51.0
ORD_001021,USR_0221,RES_003,2026-06-10,1522.74,COD,Delivered,50.0
ORD_001022,USR_0050,RES_042,2026-06-10,936.65,COD,Delivered,52.0
ORD_001023,USR_0118,RES_001,2026-06-10,786.78,Credit Card,Delivered,61.0
ORD_001024,USR_0026,RES_038,2026-06-10,1740.49,Debit Card,Delivered,35.0
ORD_001025,USR_0206,RES_039,2026-06-10,1143.06,UPI,Cancelled,
ORD_001026,USR_0207,RES_048,2026-06-11,1122.91,Net Banking,Delivered,54.0
ORD_001027,USR_0155,RES_009,2026-06-11,203.93,UPI,Delivered,34.0
ORD_001028,USR_0034,RES_013,2026-06-11,1269.65,Credit Card,Delivered,34.0
ORD_001029,USR_0093,RES_012,2026-06-11,1250.31,UPI,Delivered,19.0
ORD_001030,USR_0143,RES_038,2026-06-12,675.55,Net Banking,Delivered,61.0
ORD_001031,USR_0193,RES_015,2026-06-12,158.94,COD,Delivered,40.0
ORD_001032,USR_0071,RES_011,2026-06-12,1486.14,Debit Card,Delivered,17.0
ORD_001033,USR_0093,RES_014,2026-06-12,925.59,Debit Card,Delivered,34.0
ORD_001034,USR_0221,RES_012,2026-06-12,854.76,Debit Card,Delivered,45.0
ORD_001035,USR_0149,RES_038,2026-06-13,737.47,Credit Card,Delivered,29.0
ORD_001036,USR_0026,RES_027,2026-06-13,1588.52,UPI,Delivered,50.0
ORD_001037,USR_0209,RES_014,2026-06-13,203.64,Net Banking,Delivered,54.0
ORD_001038,USR_0057,RES_024,2026-06-13,1730.55,UPI,Delivered,25.0
ORD_001039,USR_0117,RES_048,2026-06-13,944.13,COD,Delivered,51.0
ORD_001040,USR_0130,RES_022,2026-06-13,1240.43,COD,Delivered,60.0
ORD_001041,USR_0129,RES_050,2026-06-13,289.65,Debit Card,Delivered,48.0
ORD_001042,USR_0048,RES_018,2026-06-13,1107.17,Credit Card,Delivered,27.0
ORD_001043,USR_0200,RES_013,2026-06-14,586.15,UPI,Delivered,34.0
ORD_001044,USR_0183,RES_022,2026-06-14,1084.49,COD,Delivered,42.0
ORD_001045,USR_0161,RES_004,2026-06-14,129.01,COD,Delivered,47.0
ORD_001046,USR_0179,RES_017,2026-06-14,352.53,COD,Delivered,38.0
ORD_001047,USR_0223,RES_024,2026-06-14,218.43,COD,Delivered,45.0
ORD_001048,USR_0224,RES_022,2026-06-14,1720.03,UPI,Delivered,47.0
ORD_001049,USR_0086,RES_034,2026-06-14,1441.41,COD,Delivered,54.0
ORD_001050,USR_0083,RES_008,2026-06-14,1784.4,Net Banking,Delivered,22.0
ORD_001051,USR_0122,RES_044,2026-06-14,211.17,Debit Card,Delivered,65.0
ORD_001052,USR_0202,RES_038,2026-06-14,1072.91,COD,Delivered,36.0
ORD_001053,USR_0216,RES_037,2026-06-15,306.66,Net Banking,Delivered,44.0
ORD_001054,USR_0099,RES_015,2026-06-15,1145.47,Credit Card,Cancelled,
ORD_001055,USR_0229,RES_037,2026-06-15,1645.2,COD,Delivered,59.0
ORD_001056,USR_0011,RES_012,2026-06-15,1787.86,Net Banking,Cancelled,
ORD_001057,USR_0170,RES_031,2026-06-15,750.89,UPI,Delivered,29.0
ORD_001058,USR_0170,RES_031,2026-06-15,1018.86,Net Banking,Delivered,15.0
ORD_001059,USR_0013,RES_047,2026-06-15,922.11,Debit Card,Delivered,27.0
ORD_001060,USR_0158,RES_046,2026-06-15,1509.79,UPI,Delivered,46.0
ORD_001061,USR_0205,RES_041,2026-06-15,1075.79,Credit Card,Delivered,16.0
ORD_001062,USR_0226,RES_018,2026-06-15,1240.37,COD,Cancelled,
ORD_001063,USR_0209,RES_009,2026-06-15,740.99,Net Banking,Delivered,58.0
ORD_001064,USR_0026,RES_038,2026-06-15,246.07,Net Banking,Delivered,55.0
ORD_001065,USR_0194,RES_014,2026-06-15,1111.98,Debit Card,Delivered,23.0
ORD_001066,USR_0227,RES_010,2026-06-15,1743.7,COD,Delivered,38.0
ORD_001067,USR_0047,RES_004,2026-06-16,782.46,UPI,Cancelled,
ORD_001068,USR_0139,RES_004,2026-06-16,204.77,UPI,Delivered,39.0
ORD_001069,USR_0131,RES_006,2026-06-16,1790.48,COD,Delivered,19.0
ORD_001070,USR_0185,RES_012,2026-06-16,386.69,Debit Card,Cancelled,
ORD_001071,USR_0157,RES_003,2026-06-16,1333.19,UPI,Cancelled,
ORD_001072,USR_0222,RES_030,2026-06-17,419.06,Net Banking,Delivered,64.0
ORD_001073,USR_0202,RES_038,2026-06-17,432.81,Debit Card,Delivered,62.0
ORD_001074,USR_0127,RES_029,2026-06-17,383.81,Net Banking,Delivered,33.0
ORD_001075,USR_0208,RES_049,2026-06-17,1568.18,Debit Card,Cancelled,
ORD_001076,USR_0049,RES_031,2026-06-17,244.64,Net Banking,Cancelled,
ORD_001077,USR_0095,RES_049,2026-06-17,821.53,Debit Card,Delivered,51.0
ORD_001078,USR_0210,RES_040,2026-06-17,1172.95,Credit Card,Delivered,48.0
ORD_001079,USR_0101,RES_014,2026-06-17,906.34,UPI,Delivered,55.0
ORD_001080,USR_0228,RES_012,2026-06-17,761.0,UPI,Cancelled,
ORD_001081,USR_0150,RES_030,2026-06-17,882.12,Debit Card,Delivered,25.0
ORD_001082,USR_0173,RES_048,2026-06-17,1684.89,Debit Card,Delivered,20.0
ORD_001083,USR_0222,RES_014,2026-06-18,1549.96,Debit Card,Cancelled,
ORD_001084,USR_0100,RES_024,2026-06-18,925.11,Net Banking,Cancelled,
ORD_001085,USR_0056,RES_007,2026-06-18,1612.7,Credit Card,Delivered,45.0
ORD_001086,USR_0089,RES_028,2026-06-18,673.07,COD,Delivered,41.0
ORD_001087,USR_0139,RES_027,2026-06-18,1629.06,Net Banking,Cancelled,
ORD_001088,USR_0163,RES_030,2026-06-18,248.46,UPI,Delivered,19.0
ORD_001089,USR_0136,RES_027,2026-06-18,884.96,COD,Delivered,28.0
ORD_001090,USR_0211,RES_018,2026-06-18,1269.39,COD,Cancelled,
ORD_001091,USR_0177,RES_026,2026-06-19,643.45,Debit Card,Delivered,46.0
ORD_001092,USR_0214,RES_025,2026-06-19,1522.1,Net Banking,Delivered,34.0
ORD_001093,USR_0160,RES_023,2026-06-19,928.28,Credit Card,Delivered,24.0
ORD_001094,USR_0046,RES_015,2026-06-19,351.62,Net Banking,Cancelled,
ORD_001095,USR_0171,RES_024,2026-06-19,747.15,COD,Delivered,24.0
ORD_001096,USR_0098,RES_009,2026-06-19,1153.21,Net Banking,Delivered,47.0
ORD_001097,USR_0217,RES_026,2026-06-19,1387.42,Credit Card,Delivered,45.0
ORD_001098,USR_0150,RES_047,2026-06-19,1471.91,Debit Card,Delivered,43.0
ORD_001099,USR_0180,RES_045,2026-06-20,1306.06,COD,Delivered,34.0
ORD_001100,USR_0159,RES_015,2026-06-20,525.14,UPI,Delivered,49.0
ORD_001101,USR_0225,RES_001,2026-06-20,669.29,COD,Delivered,34.0
ORD_001102,USR_0168,RES_001,2026-06-20,378.95,Net Banking,Delivered,34.0
ORD_001103,USR_0228,RES_034,2026-06-20,946.66,COD,Delivered,24.0
ORD_001104,USR_0200,RES_013,2026-06-20,440.11,Debit Card,Delivered,65.0
ORD_001105,USR_0212,RES_026,2026-06-20,612.52,COD,Delivered,58.0
ORD_001106,USR_0090,RES_044,2026-06-20,1704.33,Debit Card,Delivered,46.0
ORD_001107,USR_0228,RES_034,2026-06-20,889.21,Debit Card,Delivered,23.0
ORD_001108,USR_0198,RES_034,2026-06-20,210.07,Debit Card,Cancelled,
ORD_001109,USR_0171,RES_024,2026-06-20,1525.65,COD,Delivered,46.0
ORD_001110,USR_0185,RES_045,2026-06-20,579.0,Net Banking,Delivered,38.0
ORD_001111,USR_0099,RES_041,2026-06-21,1163.2,UPI,Delivered,58.0
ORD_001112,USR_0092,RES_038,2026-06-21,1119.92,Debit Card,Delivered,65.0
ORD_001113,USR_0003,RES_044,2026-06-21,1742.08,Net Banking,Cancelled,
ORD_001114,USR_0180,RES_032,2026-06-21,153.69,UPI,Cancelled,
ORD_001115,USR_0166,RES_026,2026-06-21,301.5,Net Banking,Delivered,31.0
ORD_001116,USR_0211,RES_021,2026-06-22,1263.07,UPI,Cancelled,
ORD_001117,USR_0188,RES_047,2026-06-22,210.21,Credit Card,Delivered,42.0
ORD_001118,USR_0198,RES_019,2026-06-22,1594.67,COD,Delivered,30.0
ORD_001119,USR_0016,RES_035,2026-06-22,1036.4,UPI,Delivered,35.0
ORD_001120,USR_0092,RES_015,2026-06-22,1394.07,UPI,Cancelled,
ORD_001121,USR_0224,RES_026,2026-06-22,127.29,UPI,Delivered,62.0
ORD_001122,USR_0202,RES_015,2026-06-22,1466.62,Debit Card,Delivered,33.0
ORD_001123,USR_0220,RES_026,2026-06-22,972.27,UPI,Delivered,25.0
ORD_001124,USR_0219,RES_022,2026-06-23,464.71,Net Banking,Delivered,17.0
ORD_001125,USR_0187,RES_013,2026-06-23,974.68,COD,Delivered,32.0
ORD_001126,USR_0121,RES_031,2026-06-23,887.33,Debit Card,Cancelled,
ORD_001127,USR_0099,RES_012,2026-06-24,763.36,COD,Delivered,44.0
ORD_001128,USR_0135,RES_024,2026-06-24,688.99,Net Banking,Delivered,22.0
ORD_001129,USR_0102,RES_009,2026-06-24,1254.17,UPI,Delivered,34.0
ORD_001130,USR_0026,RES_010,2026-06-25,354.47,COD,Delivered,52.0
ORD_001131,USR_0182,RES_004,2026-06-25,1256.42,Credit Card,Delivered,56.0
ORD_001132,USR_0108,RES_045,2026-06-25,542.12,Net Banking,Delivered,47.0
ORD_001133,USR_0140,RES_009,2026-06-25,941.17,COD,Delivered,22.0
ORD_001134,USR_0230,RES_043,2026-06-25,1432.67,COD,Delivered,45.0
ORD_001135,USR_0158,RES_043,2026-06-25,1399.92,COD,Delivered,58.0
ORD_001136,USR_0216,RES_021,2026-06-25,1329.16,Credit Card,Delivered,52.0
ORD_001137,USR_0226,RES_012,2026-06-25,492.96,COD,Delivered,62.0
ORD_001138,USR_0210,RES_023,2026-06-26,722.28,Credit Card,Delivered,34.0
ORD_001139,USR_0210,RES_004,2026-06-26,1348.21,Debit Card,Cancelled,
ORD_001140,USR_0151,RES_024,2026-06-26,1403.83,Debit Card,Delivered,42.0
ORD_001141,USR_0119,RES_013,2026-06-26,245.77,Debit Card,Delivered,46.0
ORD_001142,USR_0204,RES_039,2026-06-26,1678.69,COD,Delivered,18.0
ORD_001143,USR_0041,RES_013,2026-06-26,1257.21,Debit Card,Delivered,29.0
ORD_001144,USR_0178,RES_038,2026-06-26,597.41,Credit Card,Delivered,55.0
ORD_001145,USR_0225,RES_040,2026-06-26,918.45,Credit Card,Delivered,53.0
ORD_001146,USR_0098,RES_030,2026-06-26,150.89,COD,Delivered,52.0
ORD_001147,USR_0159,RES_048,2026-06-26,1133.39,Credit Card,Delivered,59.0
ORD_001148,USR_0017,RES_011,2026-06-27,1279.12,Net Banking,Delivered,24.0
ORD_001149,USR_0033,RES_049,2026-06-27,1053.11,Net Banking,Delivered,38.0
ORD_001150,USR_0037,RES_033,2026-06-27,1382.26,UPI,Delivered,34.0
ORD_001151,USR_0089,RES_028,2026-06-27,1082.16,COD,Delivered,32.0
ORD_001152,USR_0170,RES_026,2026-06-27,1676.49,Net Banking,Delivered,39.0
ORD_001153,USR_0199,RES_003,2026-06-27,838.38,COD,Delivered,33.0
ORD_001154,USR_0212,RES_003,2026-06-27,1082.14,Credit Card,Delivered,24.0
ORD_001155,USR_0114,RES_002,2026-06-27,679.56,UPI,Delivered,25.0
ORD_001156,USR_0226,RES_024,2026-06-27,1709.97,Net Banking,Delivered,29.0
ORD_001157,USR_0220,RES_037,2026-06-28,1696.25,Debit Card,Delivered,41.0
ORD_001158,USR_0224,RES_031,2026-06-28,1683.83,UPI,Delivered,63.0
ORD_001159,USR_0188,RES_030,2026-06-28,1316.49,Net Banking,Delivered,56.0
ORD_001160,USR_0174,RES_013,2026-06-28,131.04,COD,Cancelled,
ORD_001161,USR_0230,RES_048,2026-06-28,645.26,UPI,Delivered,50.0
ORD_001162,USR_0137,RES_016,2026-06-28,1490.9,Debit Card,Cancelled,
ORD_001163,USR_0202,RES_027,2026-06-28,522.66,Net Banking,Delivered,50.0
ORD_001164,USR_0142,RES_022,2026-06-28,1458.55,COD,Delivered,35.0
ORD_001165,USR_0215,RES_031,2026-06-28,1549.54,Debit Card,Delivered,40.0
ORD_001166,USR_0189,RES_008,2026-06-28,1426.06,UPI,Delivered,39.0
ORD_001167,USR_0053,RES_012,2026-06-29,927.02,COD,Cancelled,
ORD_001168,USR_0189,RES_027,2026-06-29,484.56,Credit Card,Cancelled,
ORD_001169,USR_0197,RES_045,2026-06-29,1149.73,Debit Card,Delivered,63.0
ORD_001170,USR_0196,RES_007,2026-06-29,1030.63,UPI,Delivered,63.0
ORD_001171,USR_0126,RES_037,2026-06-29,1149.47,Credit Card,Delivered,31.0
ORD_001172,USR_0030,RES_003,2026-06-29,1256.18,Credit Card,Delivered,39.0
ORD_001173,USR_0107,RES_009,2026-06-29,1701.9,Credit Card,Cancelled,
ORD_001174,USR_0087,RES_013,2026-06-29,616.68,COD,Delivered,43.0
ORD_001175,USR_0234,RES_002,2026-06-29,376.05,Credit Card,Delivered,36.0
ORD_001176,USR_0225,RES_004,2026-06-30,354.83,COD,Cancelled,
ORD_001177,USR_0218,RES_046,2026-06-30,343.78,Net Banking,Delivered,35.0
ORD_001178,USR_0175,RES_004,2026-06-30,446.68,COD,Delivered,35.0
ORD_001179,USR_0197,RES_040,2026-06-30,1465.99,Net Banking,Cancelled,
ORD_001180,USR_0222,RES_034,2026-06-30,923.87,COD,Delivered,63.0
ORD_001181,USR_0214,RES_012,2026-07-01,1438.84,UPI,Delivered,31.0
ORD_001182,USR_0228,RES_001,2026-07-01,1586.88,COD,Delivered,48.0
ORD_001183,USR_0208,RES_042,2026-07-01,1105.96,Debit Card,Delivered,37.0
ORD_001184,USR_0174,RES_043,2026-07-01,171.78,COD,Delivered,25.0
ORD_001185,USR_0144,RES_029,2026-07-02,462.27,Credit Card,Delivered,33.0
ORD_001186,USR_0233,RES_031,2026-07-02,597.95,COD,Cancelled,
ORD_001187,USR_0222,RES_030,2026-07-02,827.06,COD,Delivered,61.0
ORD_001188,USR_0049,RES_022,2026-07-02,663.74,Debit Card,Delivered,60.0
ORD_001189,USR_0191,RES_001,2026-07-02,1056.95,UPI,Delivered,27.0
ORD_001190,USR_0014,RES_031,2026-07-03,1412.29,Credit Card,Delivered,15.0
ORD_001191,USR_0208,RES_003,2026-07-03,1273.86,UPI,Delivered,45.0
ORD_001192,USR_0171,RES_043,2026-07-03,1699.05,Net Banking,Delivered,46.0
ORD_001193,USR_0184,RES_022,2026-07-03,1087.62,Debit Card,Delivered,23.0
ORD_001194,USR_0144,RES_025,2026-07-03,474.24,Debit Card,Delivered,61.0
ORD_001195,USR_0179,RES_031,2026-07-03,914.35,Debit Card,Delivered,58.0
ORD_001196,USR_0178,RES_027,2026-07-03,486.99,COD,Delivered,63.0
ORD_001197,USR_0086,RES_034,2026-07-03,1356.78,Credit Card,Delivered,30.0
ORD_001198,USR_0235,RES_028,2026-07-03,650.2,COD,Delivered,34.0
ORD_001199,USR_0235,RES_007,2026-07-03,129.48,Credit Card,Delivered,44.0
ORD_001200,USR_0212,RES_035,2026-07-03,334.85,Credit Card,Delivered,52.0
ORD_001201,USR_0039,RES_004,2026-07-03,1498.04,Net Banking,Delivered,63.0
ORD_001202,USR_0229,RES_021,2026-07-03,330.07,Debit Card,Delivered,30.0
ORD_001203,USR_0160,RES_017,2026-07-04,1717.96,Net Banking,Delivered,36.0
ORD_001204,USR_0229,RES_049,2026-07-04,817.03,COD,Delivered,40.0
ORD_001205,USR_0217,RES_026,2026-07-04,477.44,UPI,Cancelled,
ORD_001206,USR_0041,RES_050,2026-07-04,1232.11,UPI,Delivered,56.0
ORD_001207,USR_0168,RES_039,2026-07-04,1462.61,Credit Card,Cancelled,
ORD_001208,USR_0114,RES_036,2026-07-04,1687.86,Credit Card,Delivered,32.0
ORD_001209,USR_0215,RES_026,2026-07-04,360.39,COD,Delivered,32.0
ORD_001210,USR_0148,RES_003,2026-07-04,502.08,COD,Delivered,30.0
ORD_001211,USR_0012,RES_017,2026-07-05,1221.19,Debit Card,Delivered,21.0
ORD_001212,USR_0197,RES_025,2026-07-05,411.13,COD,Delivered,25.0
ORD_001213,USR_0200,RES_024,2026-07-05,1713.65,UPI,Cancelled,
ORD_001214,USR_0100,RES_013,2026-07-05,868.72,COD,Delivered,56.0
ORD_001215,USR_0229,RES_037,2026-07-05,1529.21,COD,Delivered,45.0
ORD_001216,USR_0150,RES_009,2026-07-05,516.7,Credit Card,Cancelled,
ORD_001217,USR_0150,RES_044,2026-07-06,606.3,UPI,Delivered,46.0
ORD_001218,USR_0199,RES_047,2026-07-06,377.35,COD,Delivered,62.0
ORD_001219,USR_0233,RES_017,2026-07-06,345.77,Net Banking,Delivered,62.0
ORD_001220,USR_0001,RES_034,2026-07-06,153.99,Debit Card,Delivered,65.0
ORD_001221,USR_0223,RES_024,2026-07-06,229.1,Debit Card,Delivered,49.0
ORD_001222,USR_0024,RES_002,2026-07-06,911.43,Debit Card,Delivered,41.0
ORD_001223,USR_0222,RES_009,2026-07-06,1290.73,Net Banking,Delivered,50.0
ORD_001224,USR_0176,RES_020,2026-07-07,1584.98,Net Banking,Delivered,52.0
ORD_001225,USR_0027,RES_030,2026-07-07,1282.25,Credit Card,Delivered,26.0
ORD_001226,USR_0102,RES_034,2026-07-07,1772.33,Debit Card,Delivered,58.0
ORD_001227,USR_0214,RES_035,2026-07-07,1185.61,UPI,Cancelled,
ORD_001228,USR_0133,RES_001,2026-07-07,1055.76,Debit Card,Delivered,18.0
ORD_001229,USR_0168,RES_037,2026-07-07,1395.44,Credit Card,Delivered,57.0
ORD_001230,USR_0223,RES_043,2026-07-07,1619.71,Credit Card,Delivered,41.0
ORD_001231,USR_0187,RES_046,2026-07-07,1571.93,COD,Delivered,44.0
ORD_001232,USR_0229,RES_006,2026-07-07,1423.06,Credit Card,Delivered,30.0
ORD_001233,USR_0077,RES_049,2026-07-07,404.35,COD,Delivered,37.0
ORD_001234,USR_0216,RES_035,2026-07-07,538.26,Net Banking,Delivered,64.0
ORD_001235,USR_0116,RES_031,2026-07-08,259.59,UPI,Delivered,63.0
ORD_001236,USR_0207,RES_004,2026-07-08,1115.41,Credit Card,Cancelled,
ORD_001237,USR_0033,RES_001,2026-07-08,1501.53,COD,Delivered,50.0
ORD_001238,USR_0174,RES_050,2026-07-08,436.11,COD,Delivered,63.0
ORD_001239,USR_0163,RES_028,2026-07-08,746.32,COD,Cancelled,
ORD_001240,USR_0177,RES_043,2026-07-08,259.93,Debit Card,Delivered,60.0
ORD_001241,USR_0180,RES_045,2026-07-08,1750.43,Credit Card,Delivered,43.0
ORD_001242,USR_0207,RES_004,2026-07-08,1442.03,UPI,Delivered,48.0
ORD_001243,USR_0087,RES_018,2026-07-09,1748.33,UPI,Cancelled,
ORD_001244,USR_0213,RES_034,2026-07-09,579.41,COD,Delivered,22.0
ORD_001245,USR_0235,RES_046,2026-07-09,1086.44,Credit Card,Delivered,31.0
ORD_001246,USR_0168,RES_012,2026-07-09,1422.35,UPI,Delivered,56.0
ORD_001247,USR_0131,RES_027,2026-07-09,1350.69,Credit Card,Delivered,21.0
ORD_001248,USR_0149,RES_038,2026-07-09,1295.36,Debit Card,Delivered,22.0
ORD_001249,USR_0206,RES_001,2026-07-10,342.89,Credit Card,Delivered,60.0
ORD_001250,USR_0076,RES_029,2026-07-10,1546.33,Debit Card,Delivered,61.0
ORD_001251,USR_0194,RES_005,2026-07-10,1047.45,COD,Delivered,32.0
ORD_001252,USR_0224,RES_031,2026-07-10,1108.83,Credit Card,Delivered,47.0
ORD_001253,USR_0160,RES_026,2026-07-10,909.88,COD,Delivered,49.0
ORD_001254,USR_0212,RES_007,2026-07-10,1500.39,Debit Card,Delivered,57.0
ORD_001255,USR_0042,RES_022,2026-07-10,1107.82,Net Banking,Delivered,35.0
ORD_001256,USR_0179,RES_017,2026-07-10,1415.32,Credit Card,Delivered,31.0
ORD_001257,USR_0126,RES_001,2026-07-11,567.31,Debit Card,Delivered,42.0
ORD_001258,USR_0231,RES_023,2026-07-11,920.07,COD,Delivered,45.0
ORD_001259,USR_0083,RES_016,2026-07-11,1013.67,Net Banking,Delivered,32.0
ORD_001260,USR_0173,RES_038,2026-07-11,261.64,Debit Card,Delivered,39.0
ORD_001261,USR_0080,RES_004,2026-07-12,1157.51,COD,Delivered,22.0
ORD_001262,USR_0223,RES_003,2026-07-12,1331.5,Credit Card,Cancelled,
ORD_001263,USR_0166,RES_024,2026-07-12,1703.3,COD,Delivered,25.0
ORD_001264,USR_0217,RES_017,2026-07-12,754.48,Credit Card,Delivered,62.0
ORD_001265,USR_0230,RES_050,2026-07-12,1257.21,UPI,Delivered,36.0
ORD_001266,USR_0228,RES_034,2026-07-12,1695.84,COD,Delivered,34.0
ORD_001267,USR_0237,RES_015,2026-07-12,344.06,COD,Delivered,65.0
ORD_001268,USR_0196,RES_019,2026-07-12,985.83,Credit Card,Delivered,30.0
ORD_001269,USR_0158,RES_015,2026-07-12,1041.98,Credit Card,Delivered,54.0
ORD_001270,USR_0234,RES_042,2026-07-12,210.97,Net Banking,Delivered,42.0
ORD_001271,USR_0221,RES_012,2026-07-12,947.13,Debit Card,Delivered,51.0
ORD_001272,USR_0199,RES_003,2026-07-12,883.89,Debit Card,Delivered,46.0
ORD_001273,USR_0120,RES_042,2026-07-13,1261.41,Credit Card,Delivered,16.0
ORD_001274,USR_0007,RES_005,2026-07-13,1758.78,COD,Cancelled,
ORD_001275,USR_0090,RES_044,2026-07-13,361.36,Debit Card,Cancelled,
ORD_001276,USR_0221,RES_008,2026-07-13,1287.95,UPI,Delivered,63.0
ORD_001277,USR_0078,RES_041,2026-07-13,1627.03,COD,Delivered,42.0
ORD_001278,USR_0035,RES_013,2026-07-13,993.2,Credit Card,Delivered,39.0
ORD_001279,USR_0238,RES_011,2026-07-13,132.91,Credit Card,Delivered,34.0
ORD_001280,USR_0217,RES_036,2026-07-13,822.47,Credit Card,Cancelled,
ORD_001281,USR_0181,RES_022,2026-07-13,1564.1,Debit Card,Delivered,20.0
ORD_001282,USR_0002,RES_050,2026-07-13,591.17,Debit Card,Delivered,16.0
ORD_001283,USR_0199,RES_042,2026-07-13,276.56,Credit Card,Delivered,57.0
ORD_001284,USR_0152,RES_028,2026-07-13,1688.94,Debit Card,Cancelled,
ORD_001285,USR_0194,RES_009,2026-07-14,684.3,COD,Delivered,17.0
ORD_001286,USR_0032,RES_013,2026-07-14,863.49,UPI,Delivered,17.0
ORD_001287,USR_0184,RES_015,2026-07-14,766.6,Debit Card,Delivered,59.0
ORD_001288,USR_0062,RES_039,2026-07-14,629.36,Credit Card,Delivered,15.0
ORD_001289,USR_0188,RES_001,2026-07-14,795.36,COD,Delivered,58.0
ORD_001290,USR_0237,RES_027,2026-07-14,271.53,Net Banking,Delivered,15.0
ORD_001291,USR_0197,RES_004,2026-07-14,1568.5,Net Banking,Delivered,20.0
ORD_001292,USR_0199,RES_042,2026-07-14,351.83,Net Banking,Delivered,42.0
ORD_001293,USR_0095,RES_042,2026-07-15,1341.49,Debit Card,Delivered,63.0
ORD_001294,USR_0231,RES_002,2026-07-15,1019.06,UPI,Delivered,61.0
ORD_001295,USR_0043,RES_015,2026-07-15,793.03,UPI,Delivered,55.0
ORD_001296,USR_0081,RES_038,2026-07-15,1718.79,Debit Card,Delivered,19.0
ORD_001297,USR_0194,RES_035,2026-07-16,314.6,Debit Card,Cancelled,
ORD_001298,USR_0226,RES_003,2026-07-16,578.09,Debit Card,Delivered,41.0
ORD_001299,USR_0142,RES_022,2026-07-16,131.47,Credit Card,Delivered,39.0
ORD_001300,USR_0237,RES_046,2026-07-16,1128.92,COD,Delivered,35.0
ORD_001301,USR_0233,RES_010,2026-07-16,1743.73,Net Banking,Delivered,56.0
ORD_001302,USR_0093,RES_049,2026-07-16,758.4,Credit Card,Delivered,65.0
ORD_001303,USR_0181,RES_042,2026-07-16,1329.94,COD,Delivered,40.0
ORD_001304,USR_0112,RES_001,2026-07-16,674.12,COD,Delivered,40.0
ORD_001305,USR_0240,RES_002,2026-07-16,1663.53,Credit Card,Delivered,32.0
ORD_001306,USR_0027,RES_034,2026-07-17,308.98,Credit Card,Delivered,61.0
ORD_001307,USR_0233,RES_035,2026-07-17,344.3,Net Banking,Cancelled,
ORD_001308,USR_0234,RES_038,2026-07-17,1051.52,Credit Card,Delivered,39.0
ORD_001309,USR_0216,RES_004,2026-07-17,650.63,UPI,Cancelled,
ORD_001310,USR_0220,RES_043,2026-07-17,449.87,COD,Delivered,17.0
ORD_001311,USR_0225,RES_046,2026-07-17,1181.32,UPI,Delivered,23.0
ORD_001312,USR_0147,RES_017,2026-07-18,1594.86,Net Banking,Delivered,31.0
ORD_001313,USR_0238,RES_016,2026-07-18,722.76,UPI,Delivered,52.0
ORD_001314,USR_0175,RES_018,2026-07-18,638.14,Net Banking,Delivered,29.0
ORD_001315,USR_0237,RES_010,2026-07-18,565.21,COD,Delivered,56.0
ORD_001316,USR_0231,RES_024,2026-07-18,518.0,COD,Delivered,24.0
ORD_001317,USR_0219,RES_031,2026-07-18,1289.8,Credit Card,Delivered,41.0
ORD_001318,USR_0222,RES_043,2026-07-18,467.51,Net Banking,Cancelled,
ORD_001319,USR_0240,RES_046,2026-07-18,477.93,Credit Card,Delivered,62.0
ORD_001320,USR_0154,RES_001,2026-07-18,1745.73,Net Banking,Delivered,59.0
ORD_001321,USR_0193,RES_037,2026-07-18,1282.68,COD,Delivered,38.0
ORD_001322,USR_0223,RES_031,2026-07-18,271.94,UPI,Delivered,47.0
ORD_001323,USR_0101,RES_014,2026-07-18,788.16,Net Banking,Cancelled,
ORD_001324,USR_0238,RES_006,2026-07-18,815.59,Debit Card,Delivered,36.0
ORD_001325,USR_0206,RES_025,2026-07-18,1463.43,COD,Delivered,18.0
ORD_001326,USR_0203,RES_024,2026-07-19,1523.39,UPI,Delivered,19.0
ORD_001327,USR_0178,RES_015,2026-07-19,1482.6,COD,Delivered,20.0
ORD_001328,USR_0234,RES_015,2026-07-19,137.99,COD,Delivered,57.0
ORD_001329,USR_0198,RES_007,2026-07-19,1112.14,Credit Card,Delivered,21.0
ORD_001330,USR_0214,RES_007,2026-07-19,1103.82,UPI,Delivered,59.0
ORD_001331,USR_0198,RES_010,2026-07-19,1670.83,COD,Delivered,56.0
ORD_001332,USR_0228,RES_006,2026-07-19,220.77,COD,Cancelled,
ORD_001333,USR_0179,RES_005,2026-07-19,299.85,UPI,Delivered,27.0
ORD_001334,USR_0222,RES_003,2026-07-19,944.89,Credit Card,Delivered,51.0
ORD_001335,USR_0201,RES_016,2026-07-19,1224.77,Credit Card,Delivered,37.0
ORD_001336,USR_0126,RES_037,2026-07-19,1000.29,UPI,Delivered,20.0
ORD_001337,USR_0094,RES_032,2026-07-19,1245.84,UPI,Delivered,17.0
ORD_001338,USR_0154,RES_042,2026-07-19,1223.69,Debit Card,Delivered,23.0
ORD_001339,USR_0232,RES_046,2026-07-19,384.79,Debit Card,Delivered,58.0
ORD_001340,USR_0165,RES_043,2026-07-19,509.6,COD,Delivered,18.0
ORD_001341,USR_0219,RES_031,2026-07-19,915.31,UPI,Cancelled,
ORD_001342,USR_0237,RES_023,2026-07-20,1748.09,Net Banking,Delivered,41.0
ORD_001343,USR_0227,RES_004,2026-07-20,1299.04,COD,Delivered,20.0
ORD_001344,USR_0204,RES_039,2026-07-20,1187.64,Credit Card,Delivered,59.0
ORD_001345,USR_0044,RES_016,2026-07-20,371.24,Credit Card,Delivered,15.0
ORD_001346,USR_0241,RES_040,2026-07-20,940.3,COD,Delivered,59.0
ORD_001347,USR_0236,RES_026,2026-07-20,440.55,Credit Card,Delivered,16.0
ORD_001348,USR_0239,RES_007,2026-07-20,1219.99,UPI,Delivered,15.0
ORD_001349,USR_0228,RES_012,2026-07-20,1719.09,Debit Card,Delivered,48.0
ORD_001350,USR_0176,RES_033,2026-07-20,607.96,UPI,Delivered,33.0
ORD_001351,USR_0130,RES_022,2026-07-20,1492.98,UPI,Delivered,15.0
ORD_001352,USR_0225,RES_009,2026-07-20,838.29,UPI,Delivered,64.0
ORD_001353,USR_0153,RES_042,2026-07-21,348.33,Debit Card,Cancelled,
ORD_001354,USR_0215,RES_010,2026-07-21,713.25,Net Banking,Delivered,40.0
ORD_001355,USR_0154,RES_049,2026-07-21,409.31,UPI,Delivered,34.0
ORD_001356,USR_0229,RES_007,2026-07-21,1087.87,COD,Delivered,51.0
ORD_001357,USR_0210,RES_011,2026-07-21,687.76,Net Banking,Delivered,54.0
ORD_001358,USR_0079,RES_008,2026-07-21,1277.74,COD,Cancelled,
ORD_001359,USR_0024,RES_015,2026-07-21,1120.51,Net Banking,Delivered,24.0
ORD_001360,USR_0078,RES_016,2026-07-21,1086.4,Debit Card,Delivered,43.0
ORD_001361,USR_0173,RES_015,2026-07-21,605.87,COD,Delivered,17.0
ORD_001362,USR_0159,RES_027,2026-07-21,1728.33,COD,Delivered,32.0
ORD_001363,USR_0236,RES_017,2026-07-21,128.89,Credit Card,Delivered,20.0
ORD_001364,USR_0025,RES_033,2026-07-21,1765.43,COD,Delivered,27.0
ORD_001365,USR_0056,RES_002,2026-07-21,1607.63,Credit Card,Delivered,38.0
ORD_001366,USR_0241,RES_018,2026-07-21,1100.41,UPI,Delivered,54.0
ORD_001367,USR_0151,RES_013,2026-07-22,1771.63,Net Banking,Cancelled,
ORD_001368,USR_0184,RES_043,2026-07-22,428.03,Debit Card,Delivered,57.0
ORD_001369,USR_0243,RES_005,2026-07-22,856.6,UPI,Delivered,33.0
ORD_001370,USR_0233,RES_014,2026-07-22,511.42,UPI,Cancelled,
ORD_001371,USR_0144,RES_011,2026-07-22,737.8,UPI,Delivered,34.0
ORD_001372,USR_0193,RES_021,2026-07-22,807.44,Net Banking,Delivered,51.0
ORD_001373,USR_0241,RES_008,2026-07-22,148.1,Debit Card,Delivered,61.0
ORD_001374,USR_0242,RES_037,2026-07-23,162.76,Debit Card,Delivered,46.0
ORD_001375,USR_0075,RES_013,2026-07-23,928.47,Credit Card,Delivered,34.0
ORD_001376,USR_0135,RES_035,2026-07-23,950.12,COD,Delivered,63.0
ORD_001377,USR_0245,RES_037,2026-07-23,368.44,Debit Card,Delivered,53.0
ORD_001378,USR_0195,RES_031,2026-07-23,283.69,Credit Card,Delivered,57.0
ORD_001379,USR_0244,RES_036,2026-07-23,1379.56,Credit Card,Delivered,28.0
ORD_001380,USR_0161,RES_021,2026-07-23,472.45,Credit Card,Delivered,62.0
ORD_001381,USR_0244,RES_035,2026-07-23,1450.3,Debit Card,Delivered,46.0
ORD_001382,USR_0242,RES_004,2026-07-23,1456.69,Debit Card,Delivered,56.0
ORD_001383,USR_0174,RES_013,2026-07-23,647.58,COD,Delivered,22.0
ORD_001384,USR_0055,RES_044,2026-07-23,958.14,Net Banking,Delivered,50.0
ORD_001385,USR_0081,RES_027,2026-07-23,557.29,Net Banking,Delivered,47.0
ORD_001386,USR_0233,RES_019,2026-07-23,1199.8,Net Banking,Delivered,42.0
ORD_001387,USR_0245,RES_039,2026-07-23,695.69,COD,Delivered,44.0
ORD_001388,USR_0235,RES_011,2026-07-23,1625.16,Net Banking,Cancelled,
ORD_001389,USR_0222,RES_030,2026-07-23,1378.47,COD,Delivered,61.0
ORD_001390,USR_0239,RES_035,2026-07-24,896.8,Debit Card,Cancelled,
ORD_001391,USR_0246,RES_044,2026-07-24,1443.77,Debit Card,Delivered,26.0
ORD_001392,USR_0097,RES_022,2026-07-24,288.33,Net Banking,Delivered,36.0
ORD_001393,USR_0243,RES_037,2026-07-24,1264.3,COD,Delivered,51.0
ORD_001394,USR_0224,RES_022,2026-07-24,1269.84,COD,Delivered,32.0
ORD_001395,USR_0245,RES_048,2026-07-24,1474.83,Credit Card,Delivered,36.0
ORD_001396,USR_0030,RES_042,2026-07-24,309.58,UPI,Delivered,35.0
ORD_001397,USR_0246,RES_036,2026-07-24,1656.21,Credit Card,Delivered,41.0
ORD_001398,USR_0216,RES_037,2026-07-24,1792.39,Net Banking,Delivered,36.0
ORD_001399,USR_0132,RES_002,2026-07-25,704.52,Net Banking,Delivered,42.0
ORD_001400,USR_0224,RES_022,2026-07-25,646.54,UPI,Delivered,18.0
ORD_001401,USR_0242,RES_039,2026-07-25,281.47,COD,Delivered,38.0
ORD_001402,USR_0089,RES_006,2026-07-25,1277.55,Net Banking,Delivered,46.0
ORD_001403,USR_0240,RES_019,2026-07-25,252.91,Credit Card,Delivered,36.0
ORD_001404,USR_0238,RES_012,2026-07-25,213.64,Debit Card,Cancelled,
ORD_001405,USR_0161,RES_043,2026-07-25,1271.63,Debit Card,Cancelled,
ORD_001406,USR_0233,RES_023,2026-07-26,1070.03,Credit Card,Delivered,57.0
ORD_001407,USR_0236,RES_022,2026-07-26,396.62,Credit Card,Delivered,35.0
ORD_001408,USR_0227,RES_035,2026-07-26,1477.95,UPI,Delivered,48.0
ORD_001409,USR_0052,RES_019,2026-07-26,610.71,Credit Card,Delivered,32.0
ORD_001410,USR_0244,RES_002,2026-07-26,1330.03,Net Banking,Delivered,45.0
ORD_001411,USR_0246,RES_011,2026-07-26,554.54,Credit Card,Delivered,50.0
ORD_001412,USR_0245,RES_004,2026-07-26,702.56,Net Banking,Delivered,59.0
ORD_001413,USR_0203,RES_043,2026-07-26,1511.53,COD,Cancelled,
ORD_001414,USR_0217,RES_017,2026-07-26,584.77,Net Banking,Delivered,35.0
ORD_001415,USR_0060,RES_014,2026-07-26,1171.67,COD,Delivered,42.0
ORD_001416,USR_0235,RES_015,2026-07-26,895.06,Debit Card,Delivered,42.0
ORD_001417,USR_0054,RES_043,2026-07-26,1543.25,Credit Card,Delivered,42.0
ORD_001418,USR_0219,RES_009,2026-07-26,1151.46,Debit Card,Delivered,48.0
ORD_001419,USR_0023,RES_039,2026-07-26,1034.06,COD,Cancelled,
ORD_001420,USR_0244,RES_002,2026-07-26,215.56,Credit Card,Delivered,53.0
ORD_001421,USR_0236,RES_022,2026-07-26,135.36,Net Banking,Delivered,47.0
ORD_001422,USR_0244,RES_012,2026-07-26,1672.71,Net Banking,Delivered,47.0
ORD_001423,USR_0168,RES_037,2026-07-27,1638.38,UPI,Delivered,25.0
ORD_001424,USR_0241,RES_032,2026-07-27,606.27,UPI,Delivered,22.0
ORD_001425,USR_0247,RES_010,2026-07-27,1707.92,UPI,Delivered,57.0
ORD_001426,USR_0239,RES_023,2026-07-27,1296.02,COD,Cancelled,
ORD_001427,USR_0231,RES_007,2026-07-27,1623.73,Net Banking,Delivered,61.0
ORD_001428,USR_0161,RES_017,2026-07-27,600.67,UPI,Delivered,64.0
ORD_001429,USR_0246,RES_032,2026-07-27,908.74,Credit Card,Delivered,35.0
ORD_001430,USR_0124,RES_048,2026-07-27,1378.25,UPI,Delivered,59.0
ORD_001431,USR_0239,RES_040,2026-07-27,1085.46,COD,Cancelled,
ORD_001432,USR_0139,RES_033,2026-07-27,364.58,COD,Delivered,15.0
ORD_001433,USR_0230,RES_043,2026-07-27,1478.94,UPI,Delivered,54.0
ORD_001434,USR_0241,RES_036,2026-07-27,666.08,Net Banking,Cancelled,
ORD_001435,USR_0227,RES_002,2026-07-28,184.35,Credit Card,Delivered,45.0
ORD_001436,USR_0219,RES_031,2026-07-28,137.26,UPI,Delivered,21.0
ORD_001437,USR_0236,RES_026,2026-07-28,120.48,UPI,Delivered,25.0
ORD_001438,USR_0244,RES_010,2026-07-28,1390.27,UPI,Cancelled,
ORD_001439,USR_0249,RES_006,2026-07-28,719.83,Credit Card,Delivered,25.0
ORD_001440,USR_0237,RES_035,2026-07-28,953.88,Credit Card,Cancelled,
ORD_001441,USR_0248,RES_024,2026-07-28,1414.16,Credit Card,Delivered,57.0
ORD_001442,USR_0249,RES_047,2026-07-28,1158.42,Net Banking,Delivered,16.0
ORD_001443,USR_0237,RES_016,2026-07-28,1037.87,UPI,Delivered,42.0
ORD_001444,USR_0246,RES_016,2026-07-28,1080.02,COD,Delivered,18.0
ORD_001445,USR_0248,RES_015,2026-07-28,621.3,UPI,Delivered,53.0
ORD_001446,USR_0040,RES_030,2026-07-28,151.52,Credit Card,Delivered,46.0
ORD_001447,USR_0241,RES_009,2026-07-28,262.23,Net Banking,Delivered,56.0
ORD_001448,USR_0070,RES_050,2026-07-28,1503.83,Credit Card,Delivered,56.0
ORD_001449,USR_0077,RES_042,2026-07-28,1619.69,Net Banking,Delivered,35.0
ORD_001450,USR_0206,RES_004,2026-07-28,652.63,COD,Delivered,37.0
ORD_001451,USR_0249,RES_011,2026-07-28,619.67,Net Banking,Delivered,25.0
ORD_001452,USR_0242,RES_001,2026-07-29,323.68,COD,Delivered,58.0
ORD_001453,USR_0249,RES_006,2026-07-29,1293.05,Debit Card,Delivered,44.0
ORD_001454,USR_0248,RES_006,2026-07-29,224.85,UPI,Delivered,50.0
ORD_001455,USR_0238,RES_042,2026-07-29,380.31,UPI,Delivered,33.0
ORD_001456,USR_0177,RES_045,2026-07-29,964.88,Credit Card,Delivered,41.0
ORD_001457,USR_0185,RES_038,2026-07-29,1285.09,Net Banking,Delivered,65.0
ORD_001458,USR_0250,RES_018,2026-07-29,1364.32,Credit Card,Delivered,41.0
ORD_001459,USR_0170,RES_022,2026-07-29,400.59,Debit Card,Delivered,17.0
ORD_001460,USR_0180,RES_018,2026-07-29,1645.95,Debit Card,Delivered,32.0
ORD_001461,USR_0249,RES_020,2026-07-29,1656.32,COD,Cancelled,
ORD_001462,USR_0250,RES_039,2026-07-29,622.05,UPI,Delivered,26.0
ORD_001463,USR_0231,RES_046,2026-07-29,1724.55,UPI,Delivered,32.0
ORD_001464,USR_0240,RES_035,2026-07-29,298.31,Debit Card,Cancelled,
ORD_001465,USR_0246,RES_028,2026-07-29,1500.32,Debit Card,Cancelled,
ORD_001466,USR_0154,RES_011,2026-07-30,1229.6,Net Banking,Delivered,19.0
ORD_001467,USR_0240,RES_014,2026-07-30,769.07,COD,Delivered,43.0
ORD_001468,USR_0244,RES_002,2026-07-30,239.07,Net Banking,Delivered,28.0
ORD_001469,USR_0006,RES_023,2026-07-30,380.44,Debit Card,Cancelled,
ORD_001470,USR_0120,RES_003,2026-07-30,415.17,COD,Delivered,39.0
ORD_001471,USR_0094,RES_025,2026-07-30,1672.54,COD,Cancelled,
ORD_001472,USR_0207,RES_036,2026-07-30,1544.85,Debit Card,Delivered,20.0
ORD_001473,USR_0189,RES_018,2026-07-30,1623.25,Credit Card,Delivered,17.0
ORD_001474,USR_0243,RES_009,2026-07-30,867.34,COD,Cancelled,
ORD_001475,USR_0176,RES_008,2026-07-30,831.32,UPI,Delivered,38.0
ORD_001476,USR_0244,RES_046,2026-07-30,1472.54,Debit Card,Cancelled,
ORD_001477,USR_0245,RES_002,2026-07-30,498.19,Debit Card,Delivered,28.0
ORD_001478,USR_0054,RES_007,2026-07-30,317.09,Net Banking,Delivered,63.0
ORD_001479,USR_0249,RES_041,2026-07-30,1137.26,Net Banking,Delivered,26.0
ORD_001480,USR_0249,RES_041,2026-07-30,806.86,Credit Card,Delivered,21.0
ORD_001481,USR_0219,RES_031,2026-07-30,803.99,COD,Delivered,21.0
ORD_001482,USR_0239,RES_021,2026-07-31,737.72,UPI,Delivered,31.0
ORD_001483,USR_0246,RES_020,2026-07-31,963.64,Credit Card,Delivered,57.0
ORD_001484,USR_0249,RES_036,2026-07-31,729.6,UPI,Delivered,58.0
ORD_001485,USR_0250,RES_007,2026-07-31,191.7,Net Banking,Delivered,20.0
ORD_001486,USR_0248,RES_035,2026-07-31,1037.32,Net Banking,Delivered,21.0
ORD_001487,USR_0230,RES_021,2026-07-31,1625.28,Credit Card,Delivered,59.0
ORD_001488,USR_0243,RES_040,2026-07-31,846.8,UPI,Delivered,18.0
ORD_001489,USR_0216,RES_037,2026-07-31,314.86,COD,Delivered,54.0
ORD_001490,USR_0232,RES_003,2026-07-31,168.96,Debit Card,Delivered,65.0
ORD_001491,USR_0249,RES_006,2026-07-31,1770.41,COD,Delivered,20.0
ORD_001492,USR_0238,RES_049,2026-07-31,493.64,COD,Cancelled,
ORD_001493,USR_0217,RES_023,2026-07-31,959.76,Debit Card,Delivered,42.0
ORD_001494,USR_0229,RES_039,2026-07-31,1123.83,Net Banking,Delivered,56.0
ORD_001495,USR_0245,RES_001,2026-07-31,203.41,Credit Card,Delivered,51.0
ORD_001496,USR_0210,RES_034,2026-07-31,266.68,Credit Card,Delivered,40.0
ORD_001497,USR_0184,RES_031,2026-07-31,1638.68,Debit Card,Delivered,27.0
ORD_001498,USR_0250,RES_039,2026-07-31,472.32,Debit Card,Delivered,60.0
ORD_001499,USR_0240,RES_007,2026-07-31,1203.24,UPI,Delivered,16.0
ORD_001500,USR_0236,RES_031,2026-07-31,899.12,Net Banking,Delivered,23.0
